time,baro_altitude,accl_x,accl_y,accl_z,gps_altitude,gyro_roll,gyro_pitch,gyro_yaw
0.0,0.0,0.0,0.0,0.0,0.0,0,0,0
0.04999999999999999,0.6096,0.0,0.0,0.0,0.0,0,0,0
0.1,0.9144000000000001,0.0,0.0,0.0,0.0,0,0,0
0.15,-0.9144000000000001,0.0,0.0,0.0,0.0,0,0,0
0.19999999999999998,0.3048,0.0,0.0,0.0,0.0,0,0,0
0.24999999999999997,1.2192,0.0,0.0,0.0,0.0,0,0,0
0.30000000000000004,2.4384,0.0,0.0,0.0,0.0,0,0,0
0.35,3.048,0.0,0.0,0.0,0.0,0,0,0
0.4,4.2672,0.0,0.0,0.0,0.0,0,0,0
0.45000000000000007,4.8768,0.0,0.0,0.0,0.0,0,0,0
0.5,6.096,0.0,0.0,0.0,0.0,0,0,0
0.55,7.315200000000001,0.0,0.0,0.0,0.0,0,0,0
0.6,9.4488,0.0,0.0,0.0,0.0,0,0,0
0.65,11.277600000000001,0.0,0.0,0.0,0.0,0,0,0
0.7000000000000001,13.716000000000001,0.0,0.0,0.0,0.0,0,0,0
0.75,16.4592,0.0,0.0,0.0,0.0,0,0,0
0.8,19.5072,0.0,0.0,0.0,0.0,0,0,0
0.85,22.250400000000003,0.0,0.0,0.0,0.0,0,0,0
0.9,25.6032,0.0,0.0,0.0,0.0,0,0,0
0.9500000000000001,28.346400000000003,0.0,0.0,0.0,0.0,0,0,0
1.0,31.6992,0.0,0.0,0.0,0.0,0,0,0
1.0499999999999998,34.7472,0.0,0.0,0.0,0.0,0,0,0
1.0999999999999999,37.7952,0.0,0.0,0.0,0.0,0,0,0
1.15,40.5384,0.0,0.0,0.0,0.0,0,0,0
1.2,43.586400000000005,0.0,0.0,0.0,0.0,0,0,0
1.25,46.9392,0.0,0.0,0.0,0.0,0,0,0
1.2999999999999998,51.2064,0.0,0.0,0.0,0.0,0,0,0
1.3499999999999999,54.254400000000004,0.0,0.0,0.0,0.0,0,0,0
1.4,58.216800000000006,0.0,0.0,0.0,0.0,0,0,0
1.45,61.8744,0.0,0.0,0.0,0.0,0,0,0
1.5,66.1416,0.0,0.0,0.0,0.0,0,0,0
1.5499999999999998,69.7992,0.0,0.0,0.0,0.0,0,0,0
1.5999999999999999,74.0664,0.0,0.0,0.0,0.0,0,0,0
1.65,78.6384,0.0,0.0,0.0,0.0,0,0,0
1.7,82.6008,0.0,0.0,0.0,0.0,0,0,0
1.75,87.78240000000001,0.0,0.0,0.0,0.0,0,0,0
1.7999999999999998,92.6592,0.0,0.0,0.0,0.0,0,0,0
1.8499999999999999,98.1456,0.0,0.0,0.0,0.0,0,0,0
1.9,102.7176,0.0,0.0,0.0,0.0,0,0,0
1.9499999999999997,108.50880000000001,0.0,0.0,0.0,0.0,0,0,0
2.0,113.99520000000001,0.0,0.0,0.0,0.0,0,0,0
2.05,120.0912,0.0,0.0,0.0,0.0,0,0,0
2.1,125.2728,0.0,0.0,0.0,0.0,0,0,0
2.15,130.1496,0.0,0.0,0.0,0.0,0,0,0
2.1999999999999997,135.636,0.0,0.0,0.0,0.0,0,0,0
2.25,142.0368,0.0,0.0,0.0,0.0,0,0,0
2.3,147.2184,0.0,0.0,0.0,0.0,0,0,0
2.35,153.0096,0.0,0.0,0.0,0.0,0,0,0
2.4,160.02,0.0,0.0,0.0,0.0,0,0,0
2.4499999999999997,165.8112,0.0,0.0,0.0,0.0,0,0,0
2.5,172.82160000000002,0.0,0.0,0.0,0.0,0,0,0
2.55,179.83200000000002,0.0,0.0,0.0,0.0,0,0,0
2.6,186.8424,0.0,0.0,0.0,0.0,0,0,0
2.65,194.7672,0.0,0.0,0.0,0.0,0,0,0
2.6999999999999997,199.3392,0.0,0.0,0.0,0.0,0,0,0
2.75,205.1304,0.0,0.0,0.0,0.0,0,0,0
2.8,211.2264,0.0,0.0,0.0,0.0,0,0,0
2.85,219.15120000000002,0.0,0.0,0.0,0.0,0,0,0
2.9,224.63760000000002,0.0,0.0,0.0,0.0,0,0,0
2.9499999999999997,230.73360000000002,0.0,0.0,0.0,0.0,0,0,0
3.0,238.6584,0.0,0.0,0.0,0.0,0,0,0
3.05,245.0592,0.0,0.0,0.0,0.0,0,0,0
3.1,252.0696,0.0,0.0,0.0,0.0,0,0,0
3.15,259.68960000000004,0.0,0.0,0.0,0.0,0,0,0
3.1999999999999997,264.2616,0.0,0.0,0.0,0.0,0,0,0
3.25,270.3576,0.0,0.0,0.0,0.0,0,0,0
3.3,276.1488,0.0,0.0,0.0,0.0,0,0,0
3.35,282.2448,0.0,0.0,0.0,0.0,0,0,0
3.4,288.6456,0.0,0.0,0.0,0.0,0,0,0
3.4499999999999997,294.7416,0.0,0.0,0.0,0.0,0,0,0
3.5,302.0568,0.0,0.0,0.0,0.0,0,0,0
3.55,307.2384,0.0,0.0,0.0,0.0,0,0,0
3.6,314.2488,0.0,0.0,0.0,0.0,0,0,0
3.65,320.3448,0.0,0.0,0.0,0.0,0,0,0
3.6999999999999997,326.136,0.0,0.0,0.0,0.0,0,0,0
3.75,332.232,0.0,0.0,0.0,0.0,0,0,0
3.8,337.71840000000003,0.0,0.0,0.0,0.0,0,0,0
3.85,343.50960000000003,0.0,0.0,0.0,0.0,0,0,0
3.9,348.99600000000004,0.0,0.0,0.0,0.0,0,0,0
3.9499999999999997,354.78720000000004,0.0,0.0,0.0,0.0,0,0,0
3.9999999999999996,360.57840000000004,0.0,0.0,0.0,0.0,0,0,0
4.050000000000001,366.6744,0.0,0.0,0.0,0.0,0,0,0
4.1000000000000005,373.38,0.0,0.0,0.0,0.0,0,0,0
4.15,378.5616,0.0,0.0,0.0,0.0,0,0,0
4.2,384.3528,0.0,0.0,0.0,0.0,0,0,0
4.25,390.7536,0.0,0.0,0.0,0.0,0,0,0
4.300000000000001,396.24,0.0,0.0,0.0,0.0,0,0,0
4.3500000000000005,401.7264,0.0,0.0,0.0,0.0,0,0,0
4.4,406.908,0.0,0.0,0.0,0.0,0,0,0
4.45,413.004,0.0,0.0,0.0,0.0,0,0,0
4.5,418.1856,0.0,0.0,0.0,0.0,0,0,0
4.550000000000001,423.672,0.0,0.0,0.0,0.0,0,0,0
4.6000000000000005,428.85360000000003,0.0,0.0,0.0,0.0,0,0,0
4.65,434.64480000000003,0.0,0.0,0.0,0.0,0,0,0
4.7,439.82640000000004,0.0,0.0,0.0,0.0,0,0,0
4.75,445.00800000000004,0.0,0.0,0.0,0.0,0,0,0
4.800000000000001,450.49440000000004,0.0,0.0,0.0,0.0,0,0,0
4.8500000000000005,456.28560000000004,0.0,0.0,0.0,0.0,0,0,0
4.9,461.46720000000005,0.0,0.0,0.0,0.0,0,0,0
4.95,466.34400000000005,0.0,0.0,0.0,0.0,0,0,0
5.0,471.2208,0.0,0.0,0.0,0.0,0,0,0
5.050000000000001,477.012,0.0,0.0,0.0,0.0,0,0,0
5.1000000000000005,481.8888,0.0,0.0,0.0,0.0,0,0,0
5.15,486.4608,0.0,0.0,0.0,0.0,0,0,0
5.2,491.9472,0.0,0.0,0.0,0.0,0,0,0
5.25,496.5192,0.0,0.0,0.0,0.0,0,0,0
5.300000000000001,500.7864,0.0,0.0,0.0,0.0,0,0,0
5.3500000000000005,507.492,0.0,0.0,0.0,0.0,0,0,0
5.4,511.7592,0.0,0.0,0.0,0.0,0,0,0
5.45,517.2456000000001,0.0,0.0,0.0,0.0,0,0,0
5.5,521.8176,0.0,0.0,0.0,0.0,0,0,0
5.550000000000001,525.4752,0.0,0.0,0.0,0.0,0,0,0
5.6000000000000005,530.6568,0.0,0.0,0.0,0.0,0,0,0
5.65,535.8384,0.0,0.0,0.0,0.0,0,0,0
5.7,539.8008,0.0,0.0,0.0,0.0,0,0,0
5.75,545.2872,0.0,0.0,0.0,0.0,0,0,0
5.800000000000001,549.5544,0.0,0.0,0.0,0.0,0,0,0
5.8500000000000005,555.3456,0.0,0.0,0.0,0.0,0,0,0
5.9,559.0032,0.0,0.0,0.0,0.0,0,0,0
5.95,563.88,0.0,0.0,0.0,0.0,0,0,0
6.0,568.452,0.0,0.0,0.0,0.0,0,0,0
6.050000000000001,573.3288,0.0,0.0,0.0,0.0,0,0,0
6.1000000000000005,578.2056,0.0,0.0,0.0,0.0,0,0,0
6.15,581.8632,0.0,0.0,0.0,0.0,0,0,0
6.2,586.4352,0.0,0.0,0.0,0.0,0,0,0
6.25,590.7024,0.0,0.0,0.0,0.0,0,0,0
6.300000000000001,595.5792,0.0,0.0,0.0,0.0,0,0,0
6.3500000000000005,600.1512,0.0,0.0,0.0,0.0,0,0,0
6.4,604.7232,0.0,0.0,0.0,0.0,0,0,0
6.45,608.9904,0.0,0.0,0.0,0.0,0,0,0
6.5,613.5624,0.0,0.0,0.0,0.0,0,0,0
6.550000000000001,616.6104,0.0,0.0,0.0,0.0,0,0,0
6.6000000000000005,621.1824,0.0,0.0,0.0,0.0,0,0,0
6.65,625.7544,0.0,0.0,0.0,0.0,0,0,0
6.7,629.7168,0.0,0.0,0.0,0.0,0,0,0
6.75,633.0696,0.0,0.0,0.0,0.0,0,0,0
6.800000000000001,637.9464,0.0,0.0,0.0,0.0,0,0,0
6.8500000000000005,641.9088,0.0,0.0,0.0,0.0,0,0,0
6.9,646.176,0.0,0.0,0.0,0.0,0,0,0
6.95,650.748,0.0,0.0,0.0,0.0,0,0,0
7.0,654.1008,0.0,0.0,0.0,0.0,0,0,0
7.050000000000001,658.0632,0.0,0.0,0.0,0.0,0,0,0
7.1000000000000005,662.3304,0.0,0.0,0.0,0.0,0,0,0
7.15,666.2928,0.0,0.0,0.0,0.0,0,0,0
7.2,669.3408000000001,0.0,0.0,0.0,0.0,0,0,0
7.25,673.6080000000001,0.0,0.0,0.0,0.0,0,0,0
7.300000000000001,677.5704000000001,0.0,0.0,0.0,0.0,0,0,0
7.3500000000000005,681.8376000000001,0.0,0.0,0.0,0.0,0,0,0
7.4,685.8000000000001,0.0,0.0,0.0,0.0,0,0,0
7.45,689.7624000000001,0.0,0.0,0.0,0.0,0,0,0
7.5,692.8104000000001,0.0,0.0,0.0,0.0,0,0,0
7.550000000000001,696.4680000000001,0.0,0.0,0.0,0.0,0,0,0
7.6000000000000005,700.1256000000001,0.0,0.0,0.0,0.0,0,0,0
7.65,703.4784000000001,0.0,0.0,0.0,0.0,0,0,0
7.7,708.0504000000001,0.0,0.0,0.0,0.0,0,0,0
7.75,710.7936000000001,0.0,0.0,0.0,0.0,0,0,0
7.800000000000001,714.7560000000001,0.0,0.0,0.0,0.0,0,0,0
7.8500000000000005,718.1088000000001,0.0,0.0,0.0,0.0,0,0,0
7.9,722.0712000000001,0.0,0.0,0.0,0.0,0,0,0
7.950000000000001,725.7288000000001,0.0,0.0,0.0,0.0,0,0,0
8.0,728.472,0.0,0.0,0.0,0.0,0,0,0
8.05,732.4344,0.0,0.0,0.0,0.0,0,0,0
8.1,735.4824,0.0,0.0,0.0,0.0,0,0,0
8.15,739.14,0.0,0.0,0.0,0.0,0,0,0
8.200000000000001,741.8832,0.0,0.0,0.0,0.0,0,0,0
8.25,745.8456,0.0,0.0,0.0,0.0,0,0,0
8.3,748.8936,0.0,0.0,0.0,0.0,0,0,0
8.35,752.2464,0.0,0.0,0.0,0.0,0,0,0
8.4,754.6848,0.0,0.0,0.0,0.0,0,0,0
8.450000000000001,758.3424,0.0,0.0,0.0,0.0,0,0,0
8.5,761.6952,0.0,0.0,0.0,0.0,0,0,0
8.55,764.7432,0.0,0.0,0.0,0.0,0,0,0
8.6,767.7912,0.0,0.0,0.0,0.0,0,0,0
8.65,770.8392,0.0,0.0,0.0,0.0,0,0,0
8.700000000000001,773.8872,0.0,0.0,0.0,0.0,0,0,0
8.75,777.5448,0.0,0.0,0.0,0.0,0,0,0
8.8,780.5928,0.0,0.0,0.0,0.0,0,0,0
8.85,783.6408,0.0,0.0,0.0,0.0,0,0,0
8.9,786.6888,0.0,0.0,0.0,0.0,0,0,0
8.950000000000001,789.1272,0.0,0.0,0.0,0.0,0,0,0
9.0,792.7848,0.0,0.0,0.0,0.0,0,0,0
9.05,795.2232,0.0,0.0,0.0,0.0,0,0,0
9.1,797.9664,0.0,0.0,0.0,0.0,0,0,0
9.15,801.0144,0.0,0.0,0.0,0.0,0,0,0
9.200000000000001,803.4528,0.0,0.0,0.0,0.0,0,0,0
9.25,806.196,0.0,0.0,0.0,0.0,0,0,0
9.3,808.9392,0.0,0.0,0.0,0.0,0,0,0
9.35,811.6824,0.0,0.0,0.0,0.0,0,0,0
9.4,814.7304,0.0,0.0,0.0,0.0,0,0,0
9.450000000000001,817.4736,0.0,0.0,0.0,0.0,0,0,0
9.5,819.912,0.0,0.0,0.0,0.0,0,0,0
9.55,822.3504,0.0,0.0,0.0,0.0,0,0,0
9.6,825.3984,0.0,0.0,0.0,0.0,0,0,0
9.65,827.8368,0.0,0.0,0.0,0.0,0,0,0
9.700000000000001,830.2752,0.0,0.0,0.0,0.0,0,0,0
9.75,833.3232,0.0,0.0,0.0,0.0,0,0,0
9.8,835.7616,0.0,0.0,0.0,0.0,0,0,0
9.85,838.2,0.0,0.0,0.0,0.0,0,0,0
9.9,840.6384,0.0,0.0,0.0,0.0,0,0,0
9.950000000000001,843.0768,0.0,0.0,0.0,0.0,0,0,0
10.0,845.2104,0.0,0.0,0.0,0.0,0,0,0
10.05,847.6488,0.0,0.0,0.0,0.0,0,0,0
10.1,849.7824,0.0,0.0,0.0,0.0,0,0,0
10.15,852.2208,0.0,0.0,0.0,0.0,0,0,0
10.200000000000001,854.3544,0.0,0.0,0.0,0.0,0,0,0
10.25,856.7928,0.0,0.0,0.0,0.0,0,0,0
10.3,858.9264000000001,0.0,0.0,0.0,0.0,0,0,0
10.35,861.0600000000001,0.0,0.0,0.0,0.0,0,0,0
10.4,863.1936000000001,0.0,0.0,0.0,0.0,0,0,0
10.450000000000001,865.6320000000001,0.0,0.0,0.0,0.0,0,0,0
10.5,867.7656000000001,0.0,0.0,0.0,0.0,0,0,0
10.55,869.8992000000001,0.0,0.0,0.0,0.0,0,0,0
10.6,872.3376000000001,0.0,0.0,0.0,0.0,0,0,0
10.65,873.8616000000001,0.0,0.0,0.0,0.0,0,0,0
10.700000000000001,875.9952000000001,0.0,0.0,0.0,0.0,0,0,0
10.75,878.4336000000001,0.0,0.0,0.0,0.0,0,0,0
10.8,880.5672000000001,0.0,0.0,0.0,0.0,0,0,0
10.85,882.3960000000001,0.0,0.0,0.0,0.0,0,0,0
10.9,884.2248000000001,0.0,0.0,0.0,0.0,0,0,0
10.950000000000001,886.0536000000001,0.0,0.0,0.0,0.0,0,0,0
11.0,888.1872000000001,0.0,0.0,0.0,0.0,0,0,0
11.05,889.4064000000001,0.0,0.0,0.0,0.0,0,0,0
11.1,891.5400000000001,0.0,0.0,0.0,0.0,0,0,0
11.15,893.0640000000001,0.0,0.0,0.0,0.0,0,0,0
11.200000000000001,894.8928000000001,0.0,0.0,0.0,0.0,0,0,0
11.25,896.7216000000001,0.0,0.0,0.0,0.0,0,0,0
11.3,898.2456000000001,0.0,0.0,0.0,0.0,0,0,0
11.35,899.7696000000001,0.0,0.0,0.0,0.0,0,0,0
11.4,901.5984000000001,0.0,0.0,0.0,0.0,0,0,0
11.450000000000001,903.4272000000001,0.0,0.0,0.0,0.0,0,0,0
11.5,905.2560000000001,0.0,0.0,0.0,0.0,0,0,0
11.55,907.0848000000001,0.0,0.0,0.0,0.0,0,0,0
11.6,908.3040000000001,0.0,0.0,0.0,0.0,0,0,0
11.65,909.5232000000001,0.0,0.0,0.0,0.0,0,0,0
11.700000000000001,911.3520000000001,0.0,0.0,0.0,0.0,0,0,0
11.75,913.1808000000001,0.0,0.0,0.0,0.0,0,0,0
11.8,914.7048000000001,0.0,0.0,0.0,0.0,0,0,0
11.85,915.9240000000001,0.0,0.0,0.0,0.0,0,0,0
11.9,917.4480000000001,0.0,0.0,0.0,0.0,0,0,0
11.950000000000001,918.9720000000001,0.0,0.0,0.0,0.0,0,0,0
12.0,920.1912000000001,0.0,0.0,0.0,0.0,0,0,0
12.05,921.4104000000001,0.0,0.0,0.0,0.0,0,0,0
12.1,923.2392000000001,0.0,0.0,0.0,0.0,0,0,0
12.15,924.1536000000001,0.0,0.0,0.0,0.0,0,0,0
12.200000000000001,925.6776000000001,0.0,0.0,0.0,0.0,0,0,0
12.25,926.5920000000001,0.0,0.0,0.0,0.0,0,0,0
12.3,928.1160000000001,0.0,0.0,0.0,0.0,0,0,0
12.35,929.6400000000001,0.0,0.0,0.0,0.0,0,0,0
12.4,930.5544000000001,0.0,0.0,0.0,0.0,0,0,0
12.450000000000001,931.7736000000001,0.0,0.0,0.0,0.0,0,0,0
12.5,932.9928000000001,0.0,0.0,0.0,0.0,0,0,0
12.55,934.5168000000001,0.0,0.0,0.0,0.0,0,0,0
12.6,935.1264000000001,0.0,0.0,0.0,0.0,0,0,0
12.65,936.6504,0.0,0.0,0.0,0.0,0,0,0
12.700000000000001,937.5648,0.0,0.0,0.0,0.0,0,0,0
12.75,938.784,0.0,0.0,0.0,0.0,0,0,0
12.8,939.6984,0.0,0.0,0.0,0.0,0,0,0
12.85,940.6128,0.0,0.0,0.0,0.0,0,0,0
12.9,941.2224,0.0,0.0,0.0,0.0,0,0,0
12.950000000000001,942.1368,0.0,0.0,0.0,0.0,0,0,0
13.0,943.356,0.0,0.0,0.0,0.0,0,0,0
13.05,944.2704,0.0,0.0,0.0,0.0,0,0,0
13.1,944.88,0.0,0.0,0.0,0.0,0,0,0
13.15,946.0992,0.0,0.0,0.0,0.0,0,0,0
13.200000000000001,946.404,0.0,0.0,0.0,0.0,0,0,0
13.25,947.6232,0.0,0.0,0.0,0.0,0,0,0
13.3,948.2328,0.0,0.0,0.0,0.0,0,0,0
13.35,948.8424,0.0,0.0,0.0,0.0,0,0,0
13.4,949.452,0.0,0.0,0.0,0.0,0,0,0
13.450000000000001,950.3664,0.0,0.0,0.0,0.0,0,0,0
13.5,950.976,0.0,0.0,0.0,0.0,0,0,0
13.55,951.8904,0.0,0.0,0.0,0.0,0,0,0
13.6,952.8048,0.0,0.0,0.0,0.0,0,0,0
13.65,952.8048,0.0,0.0,0.0,0.0,0,0,0
13.700000000000001,953.7192,0.0,0.0,0.0,0.0,0,0,0
13.75,954.024,0.0,0.0,0.0,0.0,0,0,0
13.8,954.6336,0.0,0.0,0.0,0.0,0,0,0
13.85,955.548,0.0,0.0,0.0,0.0,0,0,0
13.9,955.8528,0.0,0.0,0.0,0.0,0,0,0
13.950000000000001,956.1576,0.0,0.0,0.0,0.0,0,0,0
14.0,956.1576,0.0,0.0,0.0,0.0,0,0,0
14.05,957.072,0.0,0.0,0.0,0.0,0,0,0
14.1,957.072,0.0,0.0,0.0,0.0,0,0,0
14.15,957.6816,0.0,0.0,0.0,0.0,0,0,0
14.200000000000001,958.2912,0.0,0.0,0.0,0.0,0,0,0
14.25,958.2912,0.0,0.0,0.0,0.0,0,0,0
14.3,958.9008,0.0,0.0,0.0,0.0,0,0,0
14.35,958.596,0.0,0.0,0.0,0.0,0,0,0
14.4,959.2056,0.0,0.0,0.0,0.0,0,0,0
14.450000000000001,959.5104,0.0,0.0,0.0,0.0,0,0,0
14.5,959.5104,0.0,0.0,0.0,0.0,0,0,0
14.55,959.5104,0.0,0.0,0.0,0.0,0,0,0
14.6,959.8152,0.0,0.0,0.0,0.0,0,0,0
14.65,892.7592000000001,0.0,0.0,0.0,0.0,0,0,0
14.700000000000001,929.9448000000001,0.0,0.0,0.0,0.0,0,0,0
14.75,961.0344,0.0,0.0,0.0,0.0,0,0,0
14.8,961.0344,0.0,0.0,0.0,0.0,0,0,0
14.85,961.9488,0.0,0.0,0.0,0.0,0,0,0
14.9,962.8632,0.0,0.0,0.0,0.0,0,0,0
14.950000000000001,962.8632,0.0,0.0,0.0,0.0,0,0,0
15.0,963.168,0.0,0.0,0.0,0.0,0,0,0
15.05,963.4728,0.0,0.0,0.0,0.0,0,0,0
15.1,963.4728,0.0,0.0,0.0,0.0,0,0,0
15.15,963.7776,0.0,0.0,0.0,0.0,0,0,0
15.200000000000001,963.4728,0.0,0.0,0.0,0.0,0,0,0
15.25,964.0824,0.0,0.0,0.0,0.0,0,0,0
15.3,964.9968,0.0,0.0,0.0,0.0,0,0,0
15.35,967.74,0.0,0.0,0.0,0.0,0,0,0
15.4,967.4352,0.0,0.0,0.0,0.0,0,0,0
15.450000000000001,968.3496,0.0,0.0,0.0,0.0,0,0,0
15.5,978.408,0.0,0.0,0.0,0.0,0,0,0
15.55,980.2368,0.0,0.0,0.0,0.0,0,0,0
15.6,975.6648,0.0,0.0,0.0,0.0,0,0,0
15.65,978.1032,0.0,0.0,0.0,0.0,0,0,0
15.700000000000001,982.6752,0.0,0.0,0.0,0.0,0,0,0
15.75,982.6752,0.0,0.0,0.0,0.0,0,0,0
15.8,978.7128,0.0,0.0,0.0,0.0,0,0,0
15.85,976.884,0.0,0.0,0.0,0.0,0,0,0
15.9,970.1784,0.0,0.0,0.0,0.0,0,0,0
15.950000000000001,963.4728,0.0,0.0,0.0,0.0,0,0,0
16.0,957.9864,0.0,0.0,0.0,0.0,0,0,0
16.049999999999997,956.7672,0.0,0.0,0.0,0.0,0,0,0
16.099999999999998,978.7128,0.0,0.0,0.0,0.0,0,0,0
16.15,988.4664,0.0,0.0,0.0,0.0,0,0,0
16.2,998.8296,0.0,0.0,0.0,0.0,0,0,0
16.25,991.5144,0.0,0.0,0.0,0.0,0,0,0
16.299999999999997,974.1408,0.0,0.0,0.0,0.0,0,0,0
16.349999999999998,968.9592,0.0,0.0,0.0,0.0,0,0,0
16.4,961.644,0.0,0.0,0.0,0.0,0,0,0
16.45,958.2912,0.0,0.0,0.0,0.0,0,0,0
16.5,957.9864,0.0,0.0,0.0,0.0,0,0,0
16.549999999999997,957.072,0.0,0.0,0.0,0.0,0,0,0
16.599999999999998,955.548,0.0,0.0,0.0,0.0,0,0,0
16.65,953.4144,0.0,0.0,0.0,0.0,0,0,0
16.7,952.5,0.0,0.0,0.0,0.0,0,0,0
16.75,954.6336,0.0,0.0,0.0,0.0,0,0,0
16.799999999999997,961.0344,0.0,0.0,0.0,0.0,0,0,0
16.849999999999998,965.9112,0.0,0.0,0.0,0.0,0,0,0
16.9,961.3392,0.0,0.0,0.0,0.0,0,0,0
16.95,963.168,0.0,0.0,0.0,0.0,0,0,0
17.0,964.692,0.0,0.0,0.0,0.0,0,0,0
17.049999999999997,966.8256,0.0,0.0,0.0,0.0,0,0,0
17.099999999999998,968.3496,0.0,0.0,0.0,0.0,0,0,0
17.15,950.6712,0.0,0.0,0.0,0.0,0,0,0
17.2,942.1368,0.0,0.0,0.0,0.0,0,0,0
17.25,939.6984,0.0,0.0,0.0,0.0,0,0,0
17.299999999999997,942.1368,0.0,0.0,0.0,0.0,0,0,0
17.349999999999998,949.452,0.0,0.0,0.0,0.0,0,0,0
17.4,954.9384,0.0,0.0,0.0,0.0,0,0,0
17.45,957.072,0.0,0.0,0.0,0.0,0,0,0
17.5,955.548,0.0,0.0,0.0,0.0,0,0,0
17.549999999999997,949.452,0.0,0.0,0.0,0.0,0,0,0
17.599999999999998,940.9176,0.0,0.0,0.0,0.0,0,0,0
17.65,932.9928000000001,0.0,0.0,0.0,0.0,0,0,0
17.7,935.4312000000001,0.0,0.0,0.0,0.0,0,0,0
17.75,952.8048,0.0,0.0,0.0,0.0,0,0,0
17.799999999999997,956.4624,0.0,0.0,0.0,0.0,0,0,0
17.849999999999998,949.7568,0.0,0.0,0.0,0.0,0,0,0
17.9,947.3184,0.0,0.0,0.0,0.0,0,0,0
17.95,952.5,0.0,0.0,0.0,0.0,0,0,0
18.0,948.2328,0.0,0.0,0.0,0.0,0,0,0
18.049999999999997,935.7360000000001,0.0,0.0,0.0,0.0,0,0,0
18.099999999999998,931.4688000000001,0.0,0.0,0.0,0.0,0,0,0
18.15,928.7256000000001,0.0,0.0,0.0,0.0,0,0,0
18.2,927.8112000000001,0.0,0.0,0.0,0.0,0,0,0
18.25,929.6400000000001,0.0,0.0,0.0,0.0,0,0,0
18.299999999999997,932.0784000000001,0.0,0.0,0.0,0.0,0,0,0
18.349999999999998,930.5544000000001,0.0,0.0,0.0,0.0,0,0,0
18.4,928.1160000000001,0.0,0.0,0.0,0.0,0,0,0
18.45,931.4688000000001,0.0,0.0,0.0,0.0,0,0,0
18.5,930.8592000000001,0.0,0.0,0.0,0.0,0,0,0
18.549999999999997,927.2016000000001,0.0,0.0,0.0,0.0,0,0,0
18.599999999999998,928.4208000000001,0.0,0.0,0.0,0.0,0,0,0
18.65,935.7360000000001,0.0,0.0,0.0,0.0,0,0,0
18.7,928.1160000000001,0.0,0.0,0.0,0.0,0,0,0
18.75,925.3728000000001,0.0,0.0,0.0,0.0,0,0,0
18.799999999999997,922.0200000000001,0.0,0.0,0.0,0.0,0,0,0
18.849999999999998,921.4104000000001,0.0,0.0,0.0,0.0,0,0,0
18.9,923.8488000000001,0.0,0.0,0.0,0.0,0,0,0
18.95,928.4208000000001,0.0,0.0,0.0,0.0,0,0,0
19.0,923.8488000000001,0.0,0.0,0.0,0.0,0,0,0
19.049999999999997,923.8488000000001,0.0,0.0,0.0,0.0,0,0,0
19.099999999999998,922.9344000000001,0.0,0.0,0.0,0.0,0,0,0
19.15,922.6296000000001,0.0,0.0,0.0,0.0,0,0,0
19.2,922.3248000000001,0.0,0.0,0.0,0.0,0,0,0
19.25,919.5816000000001,0.0,0.0,0.0,0.0,0,0,0
19.299999999999997,916.8384000000001,0.0,0.0,0.0,0.0,0,0,0
19.349999999999998,913.7904000000001,0.0,0.0,0.0,0.0,0,0,0
19.4,911.3520000000001,0.0,0.0,0.0,0.0,0,0,0
19.45,907.3896000000001,0.0,0.0,0.0,0.0,0,0,0
19.5,904.0368000000001,0.0,0.0,0.0,0.0,0,0,0
19.549999999999997,900.9888000000001,0.0,0.0,0.0,0.0,0,0,0
19.599999999999998,899.7696000000001,0.0,0.0,0.0,0.0,0,0,0
19.65,900.3792000000001,0.0,0.0,0.0,0.0,0,0,0
19.7,901.9032000000001,0.0,0.0,0.0,0.0,0,0,0
19.75,902.8176000000001,0.0,0.0,0.0,0.0,0,0,0
19.799999999999997,903.7320000000001,0.0,0.0,0.0,0.0,0,0,0
19.849999999999998,908.3040000000001,0.0,0.0,0.0,0.0,0,0,0
19.9,905.8656000000001,0.0,0.0,0.0,0.0,0,0,0
19.95,902.2080000000001,0.0,0.0,0.0,0.0,0,0,0
20.0,900.0744000000001,0.0,0.0,0.0,0.0,0,0,0
20.049999999999997,899.7696000000001,0.0,0.0,0.0,0.0,0,0,0
20.099999999999998,898.5504000000001,0.0,0.0,0.0,0.0,0,0,0
20.15,899.4648000000001,0.0,0.0,0.0,0.0,0,0,0
20.2,897.3312000000001,0.0,0.0,0.0,0.0,0,0,0
20.25,897.6360000000001,0.0,0.0,0.0,0.0,0,0,0
20.299999999999997,897.3312000000001,0.0,0.0,0.0,0.0,0,0,0
20.349999999999998,895.1976000000001,0.0,0.0,0.0,0.0,0,0,0
20.4,896.7216000000001,0.0,0.0,0.0,0.0,0,0,0
20.45,895.1976000000001,0.0,0.0,0.0,0.0,0,0,0
20.5,894.2832000000001,0.0,0.0,0.0,0.0,0,0,0
20.549999999999997,893.6736000000001,0.0,0.0,0.0,0.0,0,0,0
20.599999999999998,893.3688000000001,0.0,0.0,0.0,0.0,0,0,0
20.65,891.2352000000001,0.0,0.0,0.0,0.0,0,0,0
20.7,889.1016000000001,0.0,0.0,0.0,0.0,0,0,0
20.75,886.0536000000001,0.0,0.0,0.0,0.0,0,0,0
20.799999999999997,883.0056000000001,0.0,0.0,0.0,0.0,0,0,0
20.849999999999998,880.5672000000001,0.0,0.0,0.0,0.0,0,0,0
20.9,879.9576000000001,0.0,0.0,0.0,0.0,0,0,0
20.95,878.1288000000001,0.0,0.0,0.0,0.0,0,0,0
21.0,880.2624000000001,0.0,0.0,0.0,0.0,0,0,0
21.049999999999997,876.9096000000001,0.0,0.0,0.0,0.0,0,0,0
21.099999999999998,876.9096000000001,0.0,0.0,0.0,0.0,0,0,0
21.15,875.3856000000001,0.0,0.0,0.0,0.0,0,0,0
21.2,880.5672000000001,0.0,0.0,0.0,0.0,0,0,0
21.25,873.8616000000001,0.0,0.0,0.0,0.0,0,0,0
21.299999999999997,879.3480000000001,0.0,0.0,0.0,0.0,0,0,0
21.349999999999998,879.0432000000001,0.0,0.0,0.0,0.0,0,0,0
21.4,876.3000000000001,0.0,0.0,0.0,0.0,0,0,0
21.45,872.9472000000001,0.0,0.0,0.0,0.0,0,0,0
21.5,868.6800000000001,0.0,0.0,0.0,0.0,0,0,0
21.549999999999997,870.2040000000001,0.0,0.0,0.0,0.0,0,0,0
21.599999999999998,867.1560000000001,0.0,0.0,0.0,0.0,0,0,0
21.65,865.9368000000001,0.0,0.0,0.0,0.0,0,0,0
21.7,865.6320000000001,0.0,0.0,0.0,0.0,0,0,0
21.75,866.2416000000001,0.0,0.0,0.0,0.0,0,0,0
21.799999999999997,867.4608000000001,0.0,0.0,0.0,0.0,0,0,0
21.849999999999998,866.2416000000001,0.0,0.0,0.0,0.0,0,0,0
21.9,864.1080000000001,0.0,0.0,0.0,0.0,0,0,0
21.95,863.1936000000001,0.0,0.0,0.0,0.0,0,0,0
22.0,861.6696000000001,0.0,0.0,0.0,0.0,0,0,0
22.049999999999997,859.2312000000001,0.0,0.0,0.0,0.0,0,0,0
22.099999999999998,856.7928,0.0,0.0,0.0,0.0,0,0,0
22.15,855.5736,0.0,0.0,0.0,0.0,0,0,0
22.2,854.6592,0.0,0.0,0.0,0.0,0,0,0
22.25,853.1352,0.0,0.0,0.0,0.0,0,0,0
22.299999999999997,854.0496,0.0,0.0,0.0,0.0,0,0,0
22.349999999999998,851.916,0.0,0.0,0.0,0.0,0,0,0
22.4,849.7824,0.0,0.0,0.0,0.0,0,0,0
22.45,847.6488,0.0,0.0,0.0,0.0,0,0,0
22.5,846.4296,0.0,0.0,0.0,0.0,0,0,0
22.549999999999997,846.1248,0.0,0.0,0.0,0.0,0,0,0
22.599999999999998,845.5152,0.0,0.0,0.0,0.0,0,0,0
22.65,843.0768,0.0,0.0,0.0,0.0,0,0,0
22.7,841.248,0.0,0.0,0.0,0.0,0,0,0
22.75,838.8096,0.0,0.0,0.0,0.0,0,0,0
22.799999999999997,836.9808,0.0,0.0,0.0,0.0,0,0,0
22.849999999999998,835.4568,0.0,0.0,0.0,0.0,0,0,0
22.9,834.5424,0.0,0.0,0.0,0.0,0,0,0
22.95,833.3232,0.0,0.0,0.0,0.0,0,0,0
23.0,832.104,0.0,0.0,0.0,0.0,0,0,0
23.049999999999997,831.4944,0.0,0.0,0.0,0.0,0,0,0
23.099999999999998,829.9704,0.0,0.0,0.0,0.0,0,0,0
23.15,829.3608,0.0,0.0,0.0,0.0,0,0,0
23.2,827.8368,0.0,0.0,0.0,0.0,0,0,0
23.25,826.6176,0.0,0.0,0.0,0.0,0,0,0
23.299999999999997,825.7032,0.0,0.0,0.0,0.0,0,0,0
23.349999999999998,824.484,0.0,0.0,0.0,0.0,0,0,0
23.4,823.2648,0.0,0.0,0.0,0.0,0,0,0
23.45,822.3504,0.0,0.0,0.0,0.0,0,0,0
23.5,821.1312,0.0,0.0,0.0,0.0,0,0,0
23.549999999999997,821.1312,0.0,0.0,0.0,0.0,0,0,0
23.599999999999998,821.436,0.0,0.0,0.0,0.0,0,0,0
23.65,821.1312,0.0,0.0,0.0,0.0,0,0,0
23.7,820.5216,0.0,0.0,0.0,0.0,0,0,0
23.75,821.1312,0.0,0.0,0.0,0.0,0,0,0
23.799999999999997,820.5216,0.0,0.0,0.0,0.0,0,0,0
23.849999999999998,818.388,0.0,0.0,0.0,0.0,0,0,0
23.9,818.388,0.0,0.0,0.0,0.0,0,0,0
23.95,816.2544,0.0,0.0,0.0,0.0,0,0,0
24.0,817.1688,0.0,0.0,0.0,0.0,0,0,0
24.049999999999997,818.388,0.0,0.0,0.0,0.0,0,0,0
24.099999999999998,817.7784,0.0,0.0,0.0,0.0,0,0,0
24.15,813.5112,0.0,0.0,0.0,0.0,0,0,0
24.2,812.5968,0.0,0.0,0.0,0.0,0,0,0
24.25,812.5968,0.0,0.0,0.0,0.0,0,0,0
24.299999999999997,811.0728,0.0,0.0,0.0,0.0,0,0,0
24.349999999999998,808.0248,0.0,0.0,0.0,0.0,0,0,0
24.4,804.0624,0.0,0.0,0.0,0.0,0,0,0
24.45,803.4528,0.0,0.0,0.0,0.0,0,0,0
24.5,801.9288,0.0,0.0,0.0,0.0,0,0,0
24.549999999999997,800.4048,0.0,0.0,0.0,0.0,0,0,0
24.599999999999998,799.4904,0.0,0.0,0.0,0.0,0,0,0
24.65,798.2712,0.0,0.0,0.0,0.0,0,0,0
24.7,797.052,0.0,0.0,0.0,0.0,0,0,0
24.75,796.7472,0.0,0.0,0.0,0.0,0,0,0
24.799999999999997,794.6136,0.0,0.0,0.0,0.0,0,0,0
24.849999999999998,793.3944,0.0,0.0,0.0,0.0,0,0,0
24.9,792.7848,0.0,0.0,0.0,0.0,0,0,0
24.95,792.1752,0.0,0.0,0.0,0.0,0,0,0
25.0,792.48,0.0,0.0,0.0,0.0,0,0,0
25.049999999999997,793.3944,0.0,0.0,0.0,0.0,0,0,0
25.099999999999998,793.3944,0.0,0.0,0.0,0.0,0,0,0
25.15,792.7848,0.0,0.0,0.0,0.0,0,0,0
25.2,790.0416,0.0,0.0,0.0,0.0,0,0,0
25.25,787.6032,0.0,0.0,0.0,0.0,0,0,0
25.299999999999997,785.7744,0.0,0.0,0.0,0.0,0,0,0
25.349999999999998,784.86,0.0,0.0,0.0,0.0,0,0,0
25.4,784.2504,0.0,0.0,0.0,0.0,0,0,0
25.45,782.4216,0.0,0.0,0.0,0.0,0,0,0
25.5,781.2024,0.0,0.0,0.0,0.0,0,0,0
25.549999999999997,779.3736,0.0,0.0,0.0,0.0,0,0,0
25.599999999999998,779.9832,0.0,0.0,0.0,0.0,0,0,0
25.65,778.764,0.0,0.0,0.0,0.0,0,0,0
25.7,776.0208,0.0,0.0,0.0,0.0,0,0,0
25.75,774.192,0.0,0.0,0.0,0.0,0,0,0
25.799999999999997,772.0584,0.0,0.0,0.0,0.0,0,0,0
25.849999999999998,770.8392,0.0,0.0,0.0,0.0,0,0,0
25.9,769.62,0.0,0.0,0.0,0.0,0,0,0
25.95,768.4008,0.0,0.0,0.0,0.0,0,0,0
26.0,767.7912,0.0,0.0,0.0,0.0,0,0,0
26.049999999999997,767.7912,0.0,0.0,0.0,0.0,0,0,0
26.099999999999998,767.4864,0.0,0.0,0.0,0.0,0,0,0
26.15,766.8768,0.0,0.0,0.0,0.0,0,0,0
26.2,765.9624,0.0,0.0,0.0,0.0,0,0,0
26.25,767.7912,0.0,0.0,0.0,0.0,0,0,0
26.299999999999997,767.1816,0.0,0.0,0.0,0.0,0,0,0
26.349999999999998,761.6952,0.0,0.0,0.0,0.0,0,0,0
26.4,760.476,0.0,0.0,0.0,0.0,0,0,0
26.45,759.8664,0.0,0.0,0.0,0.0,0,0,0
26.5,759.2568,0.0,0.0,0.0,0.0,0,0,0
26.549999999999997,756.8184,0.0,0.0,0.0,0.0,0,0,0
26.599999999999998,754.0752,0.0,0.0,0.0,0.0,0,0,0
26.65,751.6368,0.0,0.0,0.0,0.0,0,0,0
26.7,750.4176,0.0,0.0,0.0,0.0,0,0,0
26.75,749.1984,0.0,0.0,0.0,0.0,0,0,0
26.799999999999997,748.284,0.0,0.0,0.0,0.0,0,0,0
26.849999999999998,747.3696,0.0,0.0,0.0,0.0,0,0,0
26.9,746.76,0.0,0.0,0.0,0.0,0,0,0
26.95,746.4552,0.0,0.0,0.0,0.0,0,0,0
27.0,745.236,0.0,0.0,0.0,0.0,0,0,0
27.049999999999997,744.9312,0.0,0.0,0.0,0.0,0,0,0
27.099999999999998,743.1024,0.0,0.0,0.0,0.0,0,0,0
27.15,742.4928,0.0,0.0,0.0,0.0,0,0,0
27.2,740.9688,0.0,0.0,0.0,0.0,0,0,0
27.25,740.664,0.0,0.0,0.0,0.0,0,0,0
27.299999999999997,738.8352,0.0,0.0,0.0,0.0,0,0,0
27.349999999999998,737.0064,0.0,0.0,0.0,0.0,0,0,0
27.4,736.3968,0.0,0.0,0.0,0.0,0,0,0
27.45,734.568,0.0,0.0,0.0,0.0,0,0,0
27.5,732.4344,0.0,0.0,0.0,0.0,0,0,0
27.549999999999997,730.9104,0.0,0.0,0.0,0.0,0,0,0
27.599999999999998,729.6912,0.0,0.0,0.0,0.0,0,0,0
27.65,727.8624000000001,0.0,0.0,0.0,0.0,0,0,0
27.7,726.6432000000001,0.0,0.0,0.0,0.0,0,0,0
27.75,725.1192000000001,0.0,0.0,0.0,0.0,0,0,0
27.799999999999997,724.5096000000001,0.0,0.0,0.0,0.0,0,0,0
27.849999999999998,723.2904000000001,0.0,0.0,0.0,0.0,0,0,0
27.9,722.3760000000001,0.0,0.0,0.0,0.0,0,0,0
27.95,721.1568000000001,0.0,0.0,0.0,0.0,0,0,0
28.0,719.9376000000001,0.0,0.0,0.0,0.0,0,0,0
28.049999999999997,719.0232000000001,0.0,0.0,0.0,0.0,0,0,0
28.099999999999998,717.8040000000001,0.0,0.0,0.0,0.0,0,0,0
28.15,716.5848000000001,0.0,0.0,0.0,0.0,0,0,0
28.2,715.3656000000001,0.0,0.0,0.0,0.0,0,0,0
28.25,714.1464000000001,0.0,0.0,0.0,0.0,0,0,0
28.299999999999997,712.6224000000001,0.0,0.0,0.0,0.0,0,0,0
28.349999999999998,711.4032000000001,0.0,0.0,0.0,0.0,0,0,0
28.4,710.4888000000001,0.0,0.0,0.0,0.0,0,0,0
28.45,709.2696000000001,0.0,0.0,0.0,0.0,0,0,0
28.5,708.3552000000001,0.0,0.0,0.0,0.0,0,0,0
28.549999999999997,707.1360000000001,0.0,0.0,0.0,0.0,0,0,0
28.599999999999998,705.9168000000001,0.0,0.0,0.0,0.0,0,0,0
28.65,705.0024000000001,0.0,0.0,0.0,0.0,0,0,0
28.7,703.1736000000001,0.0,0.0,0.0,0.0,0,0,0
28.75,701.9544000000001,0.0,0.0,0.0,0.0,0,0,0
28.799999999999997,700.7352000000001,0.0,0.0,0.0,0.0,0,0,0
28.849999999999998,699.2112000000001,0.0,0.0,0.0,0.0,0,0,0
28.9,697.9920000000001,0.0,0.0,0.0,0.0,0,0,0
28.95,696.7728000000001,0.0,0.0,0.0,0.0,0,0,0
29.0,695.5536000000001,0.0,0.0,0.0,0.0,0,0,0
29.049999999999997,694.9440000000001,0.0,0.0,0.0,0.0,0,0,0
29.099999999999998,693.4200000000001,0.0,0.0,0.0,0.0,0,0,0
29.15,691.5912000000001,0.0,0.0,0.0,0.0,0,0,0
29.2,690.6768000000001,0.0,0.0,0.0,0.0,0,0,0
29.25,689.7624000000001,0.0,0.0,0.0,0.0,0,0,0
29.299999999999997,688.5432000000001,0.0,0.0,0.0,0.0,0,0,0
29.349999999999998,687.3240000000001,0.0,0.0,0.0,0.0,0,0,0
29.4,685.8000000000001,0.0,0.0,0.0,0.0,0,0,0
29.45,684.2760000000001,0.0,0.0,0.0,0.0,0,0,0
29.5,683.0568000000001,0.0,0.0,0.0,0.0,0,0,0
29.549999999999997,682.4472000000001,0.0,0.0,0.0,0.0,0,0,0
29.599999999999998,681.2280000000001,0.0,0.0,0.0,0.0,0,0,0
29.65,680.3136000000001,0.0,0.0,0.0,0.0,0,0,0
29.7,679.7040000000001,0.0,0.0,0.0,0.0,0,0,0
29.75,678.4848000000001,0.0,0.0,0.0,0.0,0,0,0
29.799999999999997,677.8752000000001,0.0,0.0,0.0,0.0,0,0,0
29.849999999999998,676.3512000000001,0.0,0.0,0.0,0.0,0,0,0
29.9,675.1320000000001,0.0,0.0,0.0,0.0,0,0,0
29.95,673.9128000000001,0.0,0.0,0.0,0.0,0,0,0
30.0,672.6936000000001,0.0,0.0,0.0,0.0,0,0,0
30.049999999999997,671.4744000000001,0.0,0.0,0.0,0.0,0,0,0
30.099999999999998,670.2552000000001,0.0,0.0,0.0,0.0,0,0,0
30.15,669.0360000000001,0.0,0.0,0.0,0.0,0,0,0
30.2,668.1216000000001,0.0,0.0,0.0,0.0,0,0,0
30.25,666.5976,0.0,0.0,0.0,0.0,0,0,0
30.299999999999997,665.988,0.0,0.0,0.0,0.0,0,0,0
30.349999999999998,665.0736,0.0,0.0,0.0,0.0,0,0,0
30.4,664.7688,0.0,0.0,0.0,0.0,0,0,0
30.45,664.7688,0.0,0.0,0.0,0.0,0,0,0
30.5,664.1592,0.0,0.0,0.0,0.0,0,0,0
30.549999999999997,663.2448,0.0,0.0,0.0,0.0,0,0,0
30.599999999999998,662.0256,0.0,0.0,0.0,0.0,0,0,0
30.65,660.8064,0.0,0.0,0.0,0.0,0,0,0
30.7,659.5872,0.0,0.0,0.0,0.0,0,0,0
30.75,657.4536,0.0,0.0,0.0,0.0,0,0,0
30.799999999999997,655.0152,0.0,0.0,0.0,0.0,0,0,0
30.849999999999998,652.5768,0.0,0.0,0.0,0.0,0,0,0
30.9,650.1384,0.0,0.0,0.0,0.0,0,0,0
30.95,648.3096,0.0,0.0,0.0,0.0,0,0,0
31.0,647.0904,0.0,0.0,0.0,0.0,0,0,0
31.049999999999997,644.9568,0.0,0.0,0.0,0.0,0,0,0
31.099999999999998,643.7376,0.0,0.0,0.0,0.0,0,0,0
31.15,642.8232,0.0,0.0,0.0,0.0,0,0,0
31.2,642.2136,0.0,0.0,0.0,0.0,0,0,0
31.25,641.2992,0.0,0.0,0.0,0.0,0,0,0
31.299999999999997,640.6896,0.0,0.0,0.0,0.0,0,0,0
31.349999999999998,639.4704,0.0,0.0,0.0,0.0,0,0,0
31.4,638.8608,0.0,0.0,0.0,0.0,0,0,0
31.45,637.6416,0.0,0.0,0.0,0.0,0,0,0
31.5,636.1176,0.0,0.0,0.0,0.0,0,0,0
31.549999999999997,634.5936,0.0,0.0,0.0,0.0,0,0,0
31.599999999999998,633.0696,0.0,0.0,0.0,0.0,0,0,0
31.65,631.8504,0.0,0.0,0.0,0.0,0,0,0
31.7,630.3264,0.0,0.0,0.0,0.0,0,0,0
31.75,629.1072,0.0,0.0,0.0,0.0,0,0,0
31.799999999999997,627.5832,0.0,0.0,0.0,0.0,0,0,0
31.849999999999998,626.364,0.0,0.0,0.0,0.0,0,0,0
31.9,624.84,0.0,0.0,0.0,0.0,0,0,0
31.949999999999996,623.6208,0.0,0.0,0.0,0.0,0,0,0
32.0,622.4016,0.0,0.0,0.0,0.0,0,0,0
32.05,621.4872,0.0,0.0,0.0,0.0,0,0,0
32.1,620.8776,0.0,0.0,0.0,0.0,0,0,0
32.15,619.9632,0.0,0.0,0.0,0.0,0,0,0
32.199999999999996,619.0488,0.0,0.0,0.0,0.0,0,0,0
32.25,618.744,0.0,0.0,0.0,0.0,0,0,0
32.3,618.1344,0.0,0.0,0.0,0.0,0,0,0
32.35,617.22,0.0,0.0,0.0,0.0,0,0,0
32.4,617.22,0.0,0.0,0.0,0.0,0,0,0
32.449999999999996,616.9152,0.0,0.0,0.0,0.0,0,0,0
32.5,615.3912,0.0,0.0,0.0,0.0,0,0,0
32.55,614.172,0.0,0.0,0.0,0.0,0,0,0
32.6,612.9528,0.0,0.0,0.0,0.0,0,0,0
32.65,611.4288,0.0,0.0,0.0,0.0,0,0,0
32.699999999999996,609.2952,0.0,0.0,0.0,0.0,0,0,0
32.75,607.7712,0.0,0.0,0.0,0.0,0,0,0
32.8,605.6376,0.0,0.0,0.0,0.0,0,0,0
32.85,603.504,0.0,0.0,0.0,0.0,0,0,0
32.9,602.2848,0.0,0.0,0.0,0.0,0,0,0
32.949999999999996,600.7608,0.0,0.0,0.0,0.0,0,0,0
33.0,599.2368,0.0,0.0,0.0,0.0,0,0,0
33.05,598.3224,0.0,0.0,0.0,0.0,0,0,0
33.1,597.1032,0.0,0.0,0.0,0.0,0,0,0
33.15,596.1888,0.0,0.0,0.0,0.0,0,0,0
33.199999999999996,595.2744,0.0,0.0,0.0,0.0,0,0,0
33.25,594.36,0.0,0.0,0.0,0.0,0,0,0
33.3,592.836,0.0,0.0,0.0,0.0,0,0,0
33.35,591.9216,0.0,0.0,0.0,0.0,0,0,0
33.4,591.0072,0.0,0.0,0.0,0.0,0,0,0
33.449999999999996,589.4832,0.0,0.0,0.0,0.0,0,0,0
33.5,588.264,0.0,0.0,0.0,0.0,0,0,0
33.55,587.3496,0.0,0.0,0.0,0.0,0,0,0
33.6,585.8256,0.0,0.0,0.0,0.0,0,0,0
33.65,584.3016,0.0,0.0,0.0,0.0,0,0,0
33.699999999999996,583.0824,0.0,0.0,0.0,0.0,0,0,0
33.75,581.5584,0.0,0.0,0.0,0.0,0,0,0
33.8,580.3392,0.0,0.0,0.0,0.0,0,0,0
33.85,579.12,0.0,0.0,0.0,0.0,0,0,0
33.9,577.9008,0.0,0.0,0.0,0.0,0,0,0
33.949999999999996,576.6816,0.0,0.0,0.0,0.0,0,0,0
34.0,575.4624,0.0,0.0,0.0,0.0,0,0,0
34.05,573.9384,0.0,0.0,0.0,0.0,0,0,0
34.1,572.4144,0.0,0.0,0.0,0.0,0,0,0
34.15,570.8904,0.0,0.0,0.0,0.0,0,0,0
34.199999999999996,569.0616,0.0,0.0,0.0,0.0,0,0,0
34.25,567.2328,0.0,0.0,0.0,0.0,0,0,0
34.3,566.0136,0.0,0.0,0.0,0.0,0,0,0
34.35,565.404,0.0,0.0,0.0,0.0,0,0,0
34.4,564.7944,0.0,0.0,0.0,0.0,0,0,0
34.449999999999996,564.4896,0.0,0.0,0.0,0.0,0,0,0
34.5,564.4896,0.0,0.0,0.0,0.0,0,0,0
34.55,564.1848,0.0,0.0,0.0,0.0,0,0,0
34.6,562.9656,0.0,0.0,0.0,0.0,0,0,0
34.65,561.4416,0.0,0.0,0.0,0.0,0,0,0
34.699999999999996,559.9176,0.0,0.0,0.0,0.0,0,0,0
34.75,558.3936,0.0,0.0,0.0,0.0,0,0,0
34.8,556.8696,0.0,0.0,0.0,0.0,0,0,0
34.85,554.736,0.0,0.0,0.0,0.0,0,0,0
34.9,553.212,0.0,0.0,0.0,0.0,0,0,0
34.949999999999996,551.3832,0.0,0.0,0.0,0.0,0,0,0
35.0,549.2496,0.0,0.0,0.0,0.0,0,0,0
35.05,548.0304,0.0,0.0,0.0,0.0,0,0,0
35.1,546.8112,0.0,0.0,0.0,0.0,0,0,0
35.15,545.592,0.0,0.0,0.0,0.0,0,0,0
35.199999999999996,544.6776,0.0,0.0,0.0,0.0,0,0,0
35.25,543.7632,0.0,0.0,0.0,0.0,0,0,0
35.3,542.544,0.0,0.0,0.0,0.0,0,0,0
35.35,541.6296,0.0,0.0,0.0,0.0,0,0,0
35.4,540.4104,0.0,0.0,0.0,0.0,0,0,0
35.449999999999996,538.8864,0.0,0.0,0.0,0.0,0,0,0
35.5,537.6672,0.0,0.0,0.0,0.0,0,0,0
35.55,536.448,0.0,0.0,0.0,0.0,0,0,0
35.6,534.6192,0.0,0.0,0.0,0.0,0,0,0
35.65,533.4,0.0,0.0,0.0,0.0,0,0,0
35.699999999999996,532.1808,0.0,0.0,0.0,0.0,0,0,0
35.75,530.9616,0.0,0.0,0.0,0.0,0,0,0
35.8,530.0472,0.0,0.0,0.0,0.0,0,0,0
35.85,528.828,0.0,0.0,0.0,0.0,0,0,0
35.9,527.6088,0.0,0.0,0.0,0.0,0,0,0
35.949999999999996,526.0848,0.0,0.0,0.0,0.0,0,0,0
36.0,524.5608,0.0,0.0,0.0,0.0,0,0,0
36.05,523.6464,0.0,0.0,0.0,0.0,0,0,0
36.1,522.4272,0.0,0.0,0.0,0.0,0,0,0
36.15,520.9032,0.0,0.0,0.0,0.0,0,0,0
36.199999999999996,518.7696000000001,0.0,0.0,0.0,0.0,0,0,0
36.25,517.5504000000001,0.0,0.0,0.0,0.0,0,0,0
36.3,516.0264000000001,0.0,0.0,0.0,0.0,0,0,0
36.35,515.4168000000001,0.0,0.0,0.0,0.0,0,0,0
36.4,514.5024000000001,0.0,0.0,0.0,0.0,0,0,0
36.449999999999996,513.8928000000001,0.0,0.0,0.0,0.0,0,0,0
36.5,513.2832000000001,0.0,0.0,0.0,0.0,0,0,0
36.55,512.0640000000001,0.0,0.0,0.0,0.0,0,0,0
36.6,510.2352,0.0,0.0,0.0,0.0,0,0,0
36.65,507.7968,0.0,0.0,0.0,0.0,0,0,0
36.699999999999996,505.968,0.0,0.0,0.0,0.0,0,0,0
36.75,504.444,0.0,0.0,0.0,0.0,0,0,0
36.8,502.92,0.0,0.0,0.0,0.0,0,0,0
36.85,501.7008,0.0,0.0,0.0,0.0,0,0,0
36.9,500.4816,0.0,0.0,0.0,0.0,0,0,0
36.949999999999996,498.9576,0.0,0.0,0.0,0.0,0,0,0
37.0,498.348,0.0,0.0,0.0,0.0,0,0,0
37.05,497.4336,0.0,0.0,0.0,0.0,0,0,0
37.1,496.2144,0.0,0.0,0.0,0.0,0,0,0
37.15,494.3856,0.0,0.0,0.0,0.0,0,0,0
37.199999999999996,493.1664,0.0,0.0,0.0,0.0,0,0,0
37.25,491.9472,0.0,0.0,0.0,0.0,0,0,0
37.3,491.9472,0.0,0.0,0.0,0.0,0,0,0
37.35,491.3376,0.0,0.0,0.0,0.0,0,0,0
37.4,490.4232,0.0,0.0,0.0,0.0,0,0,0
37.449999999999996,489.204,0.0,0.0,0.0,0.0,0,0,0
37.5,488.2896,0.0,0.0,0.0,0.0,0,0,0
37.55,486.7656,0.0,0.0,0.0,0.0,0,0,0
37.6,484.9368,0.0,0.0,0.0,0.0,0,0,0
37.65,483.7176,0.0,0.0,0.0,0.0,0,0,0
37.699999999999996,482.4984,0.0,0.0,0.0,0.0,0,0,0
37.75,481.8888,0.0,0.0,0.0,0.0,0,0,0
37.8,481.2792,0.0,0.0,0.0,0.0,0,0,0
37.85,480.06,0.0,0.0,0.0,0.0,0,0,0
37.9,477.6216,0.0,0.0,0.0,0.0,0,0,0
37.949999999999996,477.012,0.0,0.0,0.0,0.0,0,0,0
38.0,476.4024,0.0,0.0,0.0,0.0,0,0,0
38.05,474.2688,0.0,0.0,0.0,0.0,0,0,0
38.1,472.44,0.0,0.0,0.0,0.0,0,0,0
38.15,470.6112,0.0,0.0,0.0,0.0,0,0,0
38.199999999999996,468.7824,0.0,0.0,0.0,0.0,0,0,0
38.25,467.56320000000005,0.0,0.0,0.0,0.0,0,0,0
38.3,466.03920000000005,0.0,0.0,0.0,0.0,0,0,0
38.35,464.51520000000005,0.0,0.0,0.0,0.0,0,0,0
38.4,463.29600000000005,0.0,0.0,0.0,0.0,0,0,0
38.449999999999996,461.46720000000005,0.0,0.0,0.0,0.0,0,0,0
38.5,459.94320000000005,0.0,0.0,0.0,0.0,0,0,0
38.55,458.72400000000005,0.0,0.0,0.0,0.0,0,0,0
38.6,457.50480000000005,0.0,0.0,0.0,0.0,0,0,0
38.65,455.98080000000004,0.0,0.0,0.0,0.0,0,0,0
38.699999999999996,455.06640000000004,0.0,0.0,0.0,0.0,0,0,0
38.75,453.54240000000004,0.0,0.0,0.0,0.0,0,0,0
38.8,452.62800000000004,0.0,0.0,0.0,0.0,0,0,0
38.85,451.10400000000004,0.0,0.0,0.0,0.0,0,0,0
38.9,449.58000000000004,0.0,0.0,0.0,0.0,0,0,0
38.949999999999996,448.66560000000004,0.0,0.0,0.0,0.0,0,0,0
39.0,447.14160000000004,0.0,0.0,0.0,0.0,0,0,0
39.05,445.92240000000004,0.0,0.0,0.0,0.0,0,0,0
39.1,445.00800000000004,0.0,0.0,0.0,0.0,0,0,0
39.15,444.39840000000004,0.0,0.0,0.0,0.0,0,0,0
39.199999999999996,443.48400000000004,0.0,0.0,0.0,0.0,0,0,0
39.25,441.65520000000004,0.0,0.0,0.0,0.0,0,0,0
39.3,439.21680000000003,0.0,0.0,0.0,0.0,0,0,0
39.35,437.99760000000003,0.0,0.0,0.0,0.0,0,0,0
39.4,437.69280000000003,0.0,0.0,0.0,0.0,0,0,0
39.449999999999996,437.08320000000003,0.0,0.0,0.0,0.0,0,0,0
39.5,436.16880000000003,0.0,0.0,0.0,0.0,0,0,0
39.55,434.34000000000003,0.0,0.0,0.0,0.0,0,0,0
39.6,432.20640000000003,0.0,0.0,0.0,0.0,0,0,0
39.65,430.68240000000003,0.0,0.0,0.0,0.0,0,0,0
39.699999999999996,428.85360000000003,0.0,0.0,0.0,0.0,0,0,0
39.75,427.6344,0.0,0.0,0.0,0.0,0,0,0
39.8,427.0248,0.0,0.0,0.0,0.0,0,0,0
39.85,426.4152,0.0,0.0,0.0,0.0,0,0,0
39.9,425.196,0.0,0.0,0.0,0.0,0,0,0
39.949999999999996,424.2816,0.0,0.0,0.0,0.0,0,0,0
40.0,422.7576,0.0,0.0,0.0,0.0,0,0,0
40.05,421.2336,0.0,0.0,0.0,0.0,0,0,0
40.1,420.9288,0.0,0.0,0.0,0.0,0,0,0
40.15,419.7096,0.0,0.0,0.0,0.0,0,0,0
40.199999999999996,418.1856,0.0,0.0,0.0,0.0,0,0,0
40.25,416.9664,0.0,0.0,0.0,0.0,0,0,0
40.3,415.4424,0.0,0.0,0.0,0.0,0,0,0
40.35,414.528,0.0,0.0,0.0,0.0,0,0,0
40.4,414.2232,0.0,0.0,0.0,0.0,0,0,0
40.449999999999996,412.3944,0.0,0.0,0.0,0.0,0,0,0
40.5,410.2608,0.0,0.0,0.0,0.0,0,0,0
40.55,408.1272,0.0,0.0,0.0,0.0,0,0,0
40.6,405.9936,0.0,0.0,0.0,0.0,0,0,0
40.65,405.384,0.0,0.0,0.0,0.0,0,0,0
40.699999999999996,405.0792,0.0,0.0,0.0,0.0,0,0,0
40.75,404.7744,0.0,0.0,0.0,0.0,0,0,0
40.8,403.5552,0.0,0.0,0.0,0.0,0,0,0
40.85,401.7264,0.0,0.0,0.0,0.0,0,0,0
40.9,399.288,0.0,0.0,0.0,0.0,0,0,0
40.949999999999996,397.4592,0.0,0.0,0.0,0.0,0,0,0
41.0,396.5448,0.0,0.0,0.0,0.0,0,0,0
41.05,395.3256,0.0,0.0,0.0,0.0,0,0,0
41.1,394.1064,0.0,0.0,0.0,0.0,0,0,0
41.15,392.8872,0.0,0.0,0.0,0.0,0,0,0
41.199999999999996,391.3632,0.0,0.0,0.0,0.0,0,0,0
41.25,390.4488,0.0,0.0,0.0,0.0,0,0,0
41.3,390.144,0.0,0.0,0.0,0.0,0,0,0
41.35,389.5344,0.0,0.0,0.0,0.0,0,0,0
41.4,388.3152,0.0,0.0,0.0,0.0,0,0,0
41.449999999999996,387.7056,0.0,0.0,0.0,0.0,0,0,0
41.5,384.3528,0.0,0.0,0.0,0.0,0,0,0
41.55,381.0,0.0,0.0,0.0,0.0,0,0,0
41.6,380.3904,0.0,0.0,0.0,0.0,0,0,0
41.65,379.476,0.0,0.0,0.0,0.0,0,0,0
41.699999999999996,377.952,0.0,0.0,0.0,0.0,0,0,0
41.75,376.428,0.0,0.0,0.0,0.0,0,0,0
41.8,376.428,0.0,0.0,0.0,0.0,0,0,0
41.85,377.0376,0.0,0.0,0.0,0.0,0,0,0
41.9,376.428,0.0,0.0,0.0,0.0,0,0,0
41.949999999999996,376.1232,0.0,0.0,0.0,0.0,0,0,0
42.0,373.0752,0.0,0.0,0.0,0.0,0,0,0
42.05,368.808,0.0,0.0,0.0,0.0,0,0,0
42.1,368.1984,0.0,0.0,0.0,0.0,0,0,0
42.15,368.808,0.0,0.0,0.0,0.0,0,0,0
42.199999999999996,369.4176,0.0,0.0,0.0,0.0,0,0,0
42.25,367.5888,0.0,0.0,0.0,0.0,0,0,0
42.3,366.6744,0.0,0.0,0.0,0.0,0,0,0
42.35,365.1504,0.0,0.0,0.0,0.0,0,0,0
42.4,362.71200000000005,0.0,0.0,0.0,0.0,0,0,0
42.449999999999996,359.35920000000004,0.0,0.0,0.0,0.0,0,0,0
42.5,357.83520000000004,0.0,0.0,0.0,0.0,0,0,0
42.55,356.92080000000004,0.0,0.0,0.0,0.0,0,0,0
42.6,355.70160000000004,0.0,0.0,0.0,0.0,0,0,0
42.65,354.48240000000004,0.0,0.0,0.0,0.0,0,0,0
42.699999999999996,351.73920000000004,0.0,0.0,0.0,0.0,0,0,0
42.75,351.73920000000004,0.0,0.0,0.0,0.0,0,0,0
42.8,351.12960000000004,0.0,0.0,0.0,0.0,0,0,0
42.85,350.52000000000004,0.0,0.0,0.0,0.0,0,0,0
42.9,350.82480000000004,0.0,0.0,0.0,0.0,0,0,0
42.949999999999996,347.77680000000004,0.0,0.0,0.0,0.0,0,0,0
43.0,344.42400000000004,0.0,0.0,0.0,0.0,0,0,0
43.05,341.68080000000003,0.0,0.0,0.0,0.0,0,0,0
43.1,341.68080000000003,0.0,0.0,0.0,0.0,0,0,0
43.15,341.37600000000003,0.0,0.0,0.0,0.0,0,0,0
43.199999999999996,341.37600000000003,0.0,0.0,0.0,0.0,0,0,0
43.25,339.54720000000003,0.0,0.0,0.0,0.0,0,0,0
43.3,336.49920000000003,0.0,0.0,0.0,0.0,0,0,0
43.35,335.58480000000003,0.0,0.0,0.0,0.0,0,0,0
43.4,333.75600000000003,0.0,0.0,0.0,0.0,0,0,0
43.449999999999996,331.6224,0.0,0.0,0.0,0.0,0,0,0
43.5,330.708,0.0,0.0,0.0,0.0,0,0,0
43.55,329.184,0.0,0.0,0.0,0.0,0,0,0
43.6,327.66,0.0,0.0,0.0,0.0,0,0,0
43.65,325.8312,0.0,0.0,0.0,0.0,0,0,0
43.699999999999996,324.9168,0.0,0.0,0.0,0.0,0,0,0
43.75,324.612,0.0,0.0,0.0,0.0,0,0,0
43.8,325.2216,0.0,0.0,0.0,0.0,0,0,0
43.85,324.3072,0.0,0.0,0.0,0.0,0,0,0
43.9,322.1736,0.0,0.0,0.0,0.0,0,0,0
43.949999999999996,320.9544,0.0,0.0,0.0,0.0,0,0,0
44.0,320.6496,0.0,0.0,0.0,0.0,0,0,0
44.05,318.2112,0.0,0.0,0.0,0.0,0,0,0
44.1,316.3824,0.0,0.0,0.0,0.0,0,0,0
44.15,315.468,0.0,0.0,0.0,0.0,0,0,0
44.199999999999996,313.6392,0.0,0.0,0.0,0.0,0,0,0
44.25,312.1152,0.0,0.0,0.0,0.0,0,0,0
44.3,309.9816,0.0,0.0,0.0,0.0,0,0,0
44.35,308.4576,0.0,0.0,0.0,0.0,0,0,0
44.4,306.9336,0.0,0.0,0.0,0.0,0,0,0
44.449999999999996,306.0192,0.0,0.0,0.0,0.0,0,0,0
44.5,305.1048,0.0,0.0,0.0,0.0,0,0,0
44.55,304.4952,0.0,0.0,0.0,0.0,0,0,0
44.6,304.4952,0.0,0.0,0.0,0.0,0,0,0
44.65,302.9712,0.0,0.0,0.0,0.0,0,0,0
44.699999999999996,300.8376,0.0,0.0,0.0,0.0,0,0,0
44.75,298.3992,0.0,0.0,0.0,0.0,0,0,0
44.8,296.5704,0.0,0.0,0.0,0.0,0,0,0
44.85,295.3512,0.0,0.0,0.0,0.0,0,0,0
44.9,294.7416,0.0,0.0,0.0,0.0,0,0,0
44.949999999999996,293.2176,0.0,0.0,0.0,0.0,0,0,0
45.0,291.9984,0.0,0.0,0.0,0.0,0,0,0
45.05,290.7792,0.0,0.0,0.0,0.0,0,0,0
45.1,289.8648,0.0,0.0,0.0,0.0,0,0,0
45.15,288.9504,0.0,0.0,0.0,0.0,0,0,0
45.199999999999996,288.036,0.0,0.0,0.0,0.0,0,0,0
45.25,286.8168,0.0,0.0,0.0,0.0,0,0,0
45.3,284.6832,0.0,0.0,0.0,0.0,0,0,0
45.35,282.8544,0.0,0.0,0.0,0.0,0,0,0
45.4,281.94,0.0,0.0,0.0,0.0,0,0,0
45.449999999999996,280.1112,0.0,0.0,0.0,0.0,0,0,0
45.5,279.1968,0.0,0.0,0.0,0.0,0,0,0
45.55,277.9776,0.0,0.0,0.0,0.0,0,0,0
45.6,276.7584,0.0,0.0,0.0,0.0,0,0,0
45.65,275.5392,0.0,0.0,0.0,0.0,0,0,0
45.699999999999996,274.0152,0.0,0.0,0.0,0.0,0,0,0
45.75,273.1008,0.0,0.0,0.0,0.0,0,0,0
45.8,271.5768,0.0,0.0,0.0,0.0,0,0,0
45.85,270.3576,0.0,0.0,0.0,0.0,0,0,0
45.9,269.1384,0.0,0.0,0.0,0.0,0,0,0
45.949999999999996,267.9192,0.0,0.0,0.0,0.0,0,0,0
46.0,266.3952,0.0,0.0,0.0,0.0,0,0,0
46.05,264.8712,0.0,0.0,0.0,0.0,0,0,0
46.1,263.9568,0.0,0.0,0.0,0.0,0,0,0
46.15,262.4328,0.0,0.0,0.0,0.0,0,0,0
46.199999999999996,261.5184,0.0,0.0,0.0,0.0,0,0,0
46.25,259.99440000000004,0.0,0.0,0.0,0.0,0,0,0
46.3,258.47040000000004,0.0,0.0,0.0,0.0,0,0,0
46.35,257.25120000000004,0.0,0.0,0.0,0.0,0,0,0
46.4,256.03200000000004,0.0,0.0,0.0,0.0,0,0,0
46.449999999999996,254.2032,0.0,0.0,0.0,0.0,0,0,0
46.5,252.984,0.0,0.0,0.0,0.0,0,0,0
46.55,252.3744,0.0,0.0,0.0,0.0,0,0,0
46.6,251.46,0.0,0.0,0.0,0.0,0,0,0
46.65,250.5456,0.0,0.0,0.0,0.0,0,0,0
46.699999999999996,249.3264,0.0,0.0,0.0,0.0,0,0,0
46.75,248.1072,0.0,0.0,0.0,0.0,0,0,0
46.8,246.5832,0.0,0.0,0.0,0.0,0,0,0
46.85,244.4496,0.0,0.0,0.0,0.0,0,0,0
46.9,242.316,0.0,0.0,0.0,0.0,0,0,0
46.949999999999996,241.0968,0.0,0.0,0.0,0.0,0,0,0
47.0,239.5728,0.0,0.0,0.0,0.0,0,0,0
47.05,238.3536,0.0,0.0,0.0,0.0,0,0,0
47.1,236.8296,0.0,0.0,0.0,0.0,0,0,0
47.15,235.6104,0.0,0.0,0.0,0.0,0,0,0
47.199999999999996,234.3912,0.0,0.0,0.0,0.0,0,0,0
47.25,233.47680000000003,0.0,0.0,0.0,0.0,0,0,0
47.3,232.25760000000002,0.0,0.0,0.0,0.0,0,0,0
47.35,231.64800000000002,0.0,0.0,0.0,0.0,0,0,0
47.4,230.73360000000002,0.0,0.0,0.0,0.0,0,0,0
47.449999999999996,229.20960000000002,0.0,0.0,0.0,0.0,0,0,0
47.5,227.99040000000002,0.0,0.0,0.0,0.0,0,0,0
47.55,226.77120000000002,0.0,0.0,0.0,0.0,0,0,0
47.6,224.63760000000002,0.0,0.0,0.0,0.0,0,0,0
47.65,223.41840000000002,0.0,0.0,0.0,0.0,0,0,0
47.699999999999996,221.89440000000002,0.0,0.0,0.0,0.0,0,0,0
47.75,220.67520000000002,0.0,0.0,0.0,0.0,0,0,0
47.8,219.76080000000002,0.0,0.0,0.0,0.0,0,0,0
47.85,218.54160000000002,0.0,0.0,0.0,0.0,0,0,0
47.9,217.32240000000002,0.0,0.0,0.0,0.0,0,0,0
47.949999999999996,216.10320000000002,0.0,0.0,0.0,0.0,0,0,0
48.0,214.88400000000001,0.0,0.0,0.0,0.0,0,0,0
48.05,214.57920000000001,0.0,0.0,0.0,0.0,0,0,0
48.1,213.6648,0.0,0.0,0.0,0.0,0,0,0
48.15,213.9696,0.0,0.0,0.0,0.0,0,0,0
48.199999999999996,212.7504,0.0,0.0,0.0,0.0,0,0,0
48.25,203.6064,0.0,0.0,0.0,0.0,0,0,0
48.3,212.4456,0.0,0.0,0.0,0.0,0,0,0
48.35,211.836,0.0,0.0,0.0,0.0,0,0,0
48.4,209.7024,0.0,0.0,0.0,0.0,0,0,0
48.449999999999996,205.1304,0.0,0.0,0.0,0.0,0,0,0
48.5,202.692,0.0,0.0,0.0,0.0,0,0,0
48.55,201.4728,0.0,0.0,0.0,0.0,0,0,0
48.6,200.5584,0.0,0.0,0.0,0.0,0,0,0
48.65,199.3392,0.0,0.0,0.0,0.0,0,0,0
48.699999999999996,198.12,0.0,0.0,0.0,0.0,0,0,0
48.75,196.9008,0.0,0.0,0.0,0.0,0,0,0
48.8,195.3768,0.0,0.0,0.0,0.0,0,0,0
48.85,194.1576,0.0,0.0,0.0,0.0,0,0,0
48.9,193.548,0.0,0.0,0.0,0.0,0,0,0
48.949999999999996,193.548,0.0,0.0,0.0,0.0,0,0,0
49.0,193.2432,0.0,0.0,0.0,0.0,0,0,0
49.05,195.072,0.0,0.0,0.0,0.0,0,0,0
49.1,193.548,0.0,0.0,0.0,0.0,0,0,0
49.15,192.6336,0.0,0.0,0.0,0.0,0,0,0
49.199999999999996,192.024,0.0,0.0,0.0,0.0,0,0,0
49.25,190.8048,0.0,0.0,0.0,0.0,0,0,0
49.3,188.0616,0.0,0.0,0.0,0.0,0,0,0
49.35,186.5376,0.0,0.0,0.0,0.0,0,0,0
49.4,185.3184,0.0,0.0,0.0,0.0,0,0,0
49.449999999999996,185.0136,0.0,0.0,0.0,0.0,0,0,0
49.5,185.0136,0.0,0.0,0.0,0.0,0,0,0
49.55,185.6232,0.0,0.0,0.0,0.0,0,0,0
49.6,184.404,0.0,0.0,0.0,0.0,0,0,0
49.65,182.2704,0.0,0.0,0.0,0.0,0,0,0
49.699999999999996,180.44160000000002,0.0,0.0,0.0,0.0,0,0,0
49.75,181.35600000000002,0.0,0.0,0.0,0.0,0,0,0
49.8,179.83200000000002,0.0,0.0,0.0,0.0,0,0,0
49.85,178.91760000000002,0.0,0.0,0.0,0.0,0,0,0
49.9,179.83200000000002,0.0,0.0,0.0,0.0,0,0,0
49.949999999999996,180.74640000000002,0.0,0.0,0.0,0.0,0,0,0
50.0,179.83200000000002,0.0,0.0,0.0,0.0,0,0,0
50.05,178.00320000000002,0.0,0.0,0.0,0.0,0,0,0
50.1,174.34560000000002,0.0,0.0,0.0,0.0,0,0,0
50.15,169.77360000000002,0.0,0.0,0.0,0.0,0,0,0
50.199999999999996,166.4208,0.0,0.0,0.0,0.0,0,0,0
50.25,165.5064,0.0,0.0,0.0,0.0,0,0,0
50.3,165.8112,0.0,0.0,0.0,0.0,0,0,0
50.35,164.592,0.0,0.0,0.0,0.0,0,0,0
50.4,163.3728,0.0,0.0,0.0,0.0,0,0,0
50.449999999999996,163.068,0.0,0.0,0.0,0.0,0,0,0
50.5,163.3728,0.0,0.0,0.0,0.0,0,0,0
50.55,163.6776,0.0,0.0,0.0,0.0,0,0,0
50.6,164.2872,0.0,0.0,0.0,0.0,0,0,0
50.65,163.3728,0.0,0.0,0.0,0.0,0,0,0
50.699999999999996,162.7632,0.0,0.0,0.0,0.0,0,0,0
50.75,161.2392,0.0,0.0,0.0,0.0,0,0,0
50.8,161.544,0.0,0.0,0.0,0.0,0,0,0
50.85,160.9344,0.0,0.0,0.0,0.0,0,0,0
50.9,160.3248,0.0,0.0,0.0,0.0,0,0,0
50.949999999999996,160.02,0.0,0.0,0.0,0.0,0,0,0
51.0,160.02,0.0,0.0,0.0,0.0,0,0,0
51.05,159.7152,0.0,0.0,0.0,0.0,0,0,0
51.1,160.02,0.0,0.0,0.0,0.0,0,0,0
51.15,159.7152,0.0,0.0,0.0,0.0,0,0,0
51.199999999999996,159.1056,0.0,0.0,0.0,0.0,0,0,0
51.25,158.8008,0.0,0.0,0.0,0.0,0,0,0
51.3,158.1912,0.0,0.0,0.0,0.0,0,0,0
51.35,157.5816,0.0,0.0,0.0,0.0,0,0,0
51.4,157.5816,0.0,0.0,0.0,0.0,0,0,0
51.449999999999996,156.6672,0.0,0.0,0.0,0.0,0,0,0
51.5,156.6672,0.0,0.0,0.0,0.0,0,0,0
51.55,156.6672,0.0,0.0,0.0,0.0,0,0,0
51.6,156.3624,0.0,0.0,0.0,0.0,0,0,0
51.65,156.0576,0.0,0.0,0.0,0.0,0,0,0
51.699999999999996,155.448,0.0,0.0,0.0,0.0,0,0,0
51.75,155.448,0.0,0.0,0.0,0.0,0,0,0
51.8,154.8384,0.0,0.0,0.0,0.0,0,0,0
51.85,153.924,0.0,0.0,0.0,0.0,0,0,0
51.9,152.7048,0.0,0.0,0.0,0.0,0,0,0
51.949999999999996,153.0096,0.0,0.0,0.0,0.0,0,0,0
52.0,152.0952,0.0,0.0,0.0,0.0,0,0,0
52.05,151.7904,0.0,0.0,0.0,0.0,0,0,0
52.1,151.1808,0.0,0.0,0.0,0.0,0,0,0
52.15,150.2664,0.0,0.0,0.0,0.0,0,0,0
52.199999999999996,150.2664,0.0,0.0,0.0,0.0,0,0,0
52.25,149.6568,0.0,0.0,0.0,0.0,0,0,0
52.3,149.6568,0.0,0.0,0.0,0.0,0,0,0
52.35,148.4376,0.0,0.0,0.0,0.0,0,0,0
52.4,147.828,0.0,0.0,0.0,0.0,0,0,0
52.449999999999996,147.828,0.0,0.0,0.0,0.0,0,0,0
52.5,147.828,0.0,0.0,0.0,0.0,0,0,0
52.55,147.2184,0.0,0.0,0.0,0.0,0,0,0
52.6,146.9136,0.0,0.0,0.0,0.0,0,0,0
52.65,145.9992,0.0,0.0,0.0,0.0,0,0,0
52.699999999999996,145.6944,0.0,0.0,0.0,0.0,0,0,0
52.75,145.0848,0.0,0.0,0.0,0.0,0,0,0
52.8,145.0848,0.0,0.0,0.0,0.0,0,0,0
52.85,144.4752,0.0,0.0,0.0,0.0,0,0,0
52.9,144.4752,0.0,0.0,0.0,0.0,0,0,0
52.949999999999996,144.1704,0.0,0.0,0.0,0.0,0,0,0
53.0,143.5608,0.0,0.0,0.0,0.0,0,0,0
53.05,144.1704,0.0,0.0,0.0,0.0,0,0,0
53.1,143.256,0.0,0.0,0.0,0.0,0,0,0
53.15,142.6464,0.0,0.0,0.0,0.0,0,0,0
53.199999999999996,142.3416,0.0,0.0,0.0,0.0,0,0,0
53.25,141.732,0.0,0.0,0.0,0.0,0,0,0
53.3,140.8176,0.0,0.0,0.0,0.0,0,0,0
53.35,141.1224,0.0,0.0,0.0,0.0,0,0,0
53.4,140.8176,0.0,0.0,0.0,0.0,0,0,0
53.449999999999996,140.208,0.0,0.0,0.0,0.0,0,0,0
53.5,139.9032,0.0,0.0,0.0,0.0,0,0,0
53.55,139.2936,0.0,0.0,0.0,0.0,0,0,0
53.6,138.9888,0.0,0.0,0.0,0.0,0,0,0
53.65,138.684,0.0,0.0,0.0,0.0,0,0,0
53.699999999999996,138.0744,0.0,0.0,0.0,0.0,0,0,0
53.75,138.0744,0.0,0.0,0.0,0.0,0,0,0
53.8,137.4648,0.0,0.0,0.0,0.0,0,0,0
53.85,137.16,0.0,0.0,0.0,0.0,0,0,0
53.9,136.5504,0.0,0.0,0.0,0.0,0,0,0
53.949999999999996,135.9408,0.0,0.0,0.0,0.0,0,0,0
54.0,135.636,0.0,0.0,0.0,0.0,0,0,0
54.05,135.3312,0.0,0.0,0.0,0.0,0,0,0
54.1,134.4168,0.0,0.0,0.0,0.0,0,0,0
54.15,134.7216,0.0,0.0,0.0,0.0,0,0,0
54.199999999999996,134.112,0.0,0.0,0.0,0.0,0,0,0
54.25,133.5024,0.0,0.0,0.0,0.0,0,0,0
54.3,133.1976,0.0,0.0,0.0,0.0,0,0,0
54.35,132.8928,0.0,0.0,0.0,0.0,0,0,0
54.4,132.588,0.0,0.0,0.0,0.0,0,0,0
54.449999999999996,132.2832,0.0,0.0,0.0,0.0,0,0,0
54.5,131.6736,0.0,0.0,0.0,0.0,0,0,0
54.55,131.3688,0.0,0.0,0.0,0.0,0,0,0
54.6,131.3688,0.0,0.0,0.0,0.0,0,0,0
54.65,130.7592,0.0,0.0,0.0,0.0,0,0,0
54.699999999999996,130.4544,0.0,0.0,0.0,0.0,0,0,0
54.75,129.84480000000002,0.0,0.0,0.0,0.0,0,0,0
54.8,129.54000000000002,0.0,0.0,0.0,0.0,0,0,0
54.85,129.84480000000002,0.0,0.0,0.0,0.0,0,0,0
54.9,129.23520000000002,0.0,0.0,0.0,0.0,0,0,0
54.949999999999996,128.62560000000002,0.0,0.0,0.0,0.0,0,0,0
55.0,128.01600000000002,0.0,0.0,0.0,0.0,0,0,0
55.05,127.7112,0.0,0.0,0.0,0.0,0,0,0
55.1,127.1016,0.0,0.0,0.0,0.0,0,0,0
55.15,127.1016,0.0,0.0,0.0,0.0,0,0,0
55.199999999999996,126.7968,0.0,0.0,0.0,0.0,0,0,0
55.25,126.1872,0.0,0.0,0.0,0.0,0,0,0
55.3,125.5776,0.0,0.0,0.0,0.0,0,0,0
55.35,125.5776,0.0,0.0,0.0,0.0,0,0,0
55.4,125.2728,0.0,0.0,0.0,0.0,0,0,0
55.449999999999996,124.3584,0.0,0.0,0.0,0.0,0,0,0
55.5,124.0536,0.0,0.0,0.0,0.0,0,0,0
55.55,123.7488,0.0,0.0,0.0,0.0,0,0,0
55.6,123.1392,0.0,0.0,0.0,0.0,0,0,0
55.65,123.1392,0.0,0.0,0.0,0.0,0,0,0
55.699999999999996,122.5296,0.0,0.0,0.0,0.0,0,0,0
55.75,121.92,0.0,0.0,0.0,0.0,0,0,0
55.8,121.6152,0.0,0.0,0.0,0.0,0,0,0
55.85,121.3104,0.0,0.0,0.0,0.0,0,0,0
55.9,120.7008,0.0,0.0,0.0,0.0,0,0,0
55.949999999999996,120.396,0.0,0.0,0.0,0.0,0,0,0
56.0,120.396,0.0,0.0,0.0,0.0,0,0,0
56.05,119.7864,0.0,0.0,0.0,0.0,0,0,0
56.1,119.1768,0.0,0.0,0.0,0.0,0,0,0
56.15,119.1768,0.0,0.0,0.0,0.0,0,0,0
56.199999999999996,118.2624,0.0,0.0,0.0,0.0,0,0,0
56.25,117.6528,0.0,0.0,0.0,0.0,0,0,0
56.3,117.6528,0.0,0.0,0.0,0.0,0,0,0
56.35,116.73840000000001,0.0,0.0,0.0,0.0,0,0,0
56.4,116.73840000000001,0.0,0.0,0.0,0.0,0,0,0
56.449999999999996,116.43360000000001,0.0,0.0,0.0,0.0,0,0,0
56.5,115.82400000000001,0.0,0.0,0.0,0.0,0,0,0
56.55,115.21440000000001,0.0,0.0,0.0,0.0,0,0,0
56.6,114.90960000000001,0.0,0.0,0.0,0.0,0,0,0
56.65,114.30000000000001,0.0,0.0,0.0,0.0,0,0,0
56.699999999999996,113.99520000000001,0.0,0.0,0.0,0.0,0,0,0
56.75,113.38560000000001,0.0,0.0,0.0,0.0,0,0,0
56.8,113.69040000000001,0.0,0.0,0.0,0.0,0,0,0
56.85,112.77600000000001,0.0,0.0,0.0,0.0,0,0,0
56.9,112.77600000000001,0.0,0.0,0.0,0.0,0,0,0
56.949999999999996,111.86160000000001,0.0,0.0,0.0,0.0,0,0,0
57.0,111.86160000000001,0.0,0.0,0.0,0.0,0,0,0
57.05,110.94720000000001,0.0,0.0,0.0,0.0,0,0,0
57.1,110.94720000000001,0.0,0.0,0.0,0.0,0,0,0
57.15,110.64240000000001,0.0,0.0,0.0,0.0,0,0,0
57.199999999999996,110.03280000000001,0.0,0.0,0.0,0.0,0,0,0
57.25,109.72800000000001,0.0,0.0,0.0,0.0,0,0,0
57.3,109.11840000000001,0.0,0.0,0.0,0.0,0,0,0
57.35,109.11840000000001,0.0,0.0,0.0,0.0,0,0,0
57.4,108.50880000000001,0.0,0.0,0.0,0.0,0,0,0
57.449999999999996,108.20400000000001,0.0,0.0,0.0,0.0,0,0,0
57.5,107.59440000000001,0.0,0.0,0.0,0.0,0,0,0
57.55,107.89920000000001,0.0,0.0,0.0,0.0,0,0,0
57.6,106.68,0.0,0.0,0.0,0.0,0,0,0
57.65,106.68,0.0,0.0,0.0,0.0,0,0,0
57.699999999999996,106.0704,0.0,0.0,0.0,0.0,0,0,0
57.75,105.7656,0.0,0.0,0.0,0.0,0,0,0
57.8,105.4608,0.0,0.0,0.0,0.0,0,0,0
57.85,104.8512,0.0,0.0,0.0,0.0,0,0,0
57.9,104.5464,0.0,0.0,0.0,0.0,0,0,0
57.949999999999996,103.9368,0.0,0.0,0.0,0.0,0,0,0
58.0,103.9368,0.0,0.0,0.0,0.0,0,0,0
58.05,103.3272,0.0,0.0,0.0,0.0,0,0,0
58.1,103.0224,0.0,0.0,0.0,0.0,0,0,0
58.15,102.4128,0.0,0.0,0.0,0.0,0,0,0
58.199999999999996,101.8032,0.0,0.0,0.0,0.0,0,0,0
58.25,101.1936,0.0,0.0,0.0,0.0,0,0,0
58.3,100.8888,0.0,0.0,0.0,0.0,0,0,0
58.35,100.584,0.0,0.0,0.0,0.0,0,0,0
58.4,100.2792,0.0,0.0,0.0,0.0,0,0,0
58.449999999999996,99.6696,0.0,0.0,0.0,0.0,0,0,0
58.5,99.6696,0.0,0.0,0.0,0.0,0,0,0
58.55,99.06,0.0,0.0,0.0,0.0,0,0,0
58.6,98.7552,0.0,0.0,0.0,0.0,0,0,0
58.65,98.1456,0.0,0.0,0.0,0.0,0,0,0
58.699999999999996,97.8408,0.0,0.0,0.0,0.0,0,0,0
58.75,97.2312,0.0,0.0,0.0,0.0,0,0,0
58.8,96.9264,0.0,0.0,0.0,0.0,0,0,0
58.85,96.6216,0.0,0.0,0.0,0.0,0,0,0
58.9,96.012,0.0,0.0,0.0,0.0,0,0,0
58.949999999999996,95.7072,0.0,0.0,0.0,0.0,0,0,0
59.0,95.4024,0.0,0.0,0.0,0.0,0,0,0
59.05,94.488,0.0,0.0,0.0,0.0,0,0,0
59.1,94.488,0.0,0.0,0.0,0.0,0,0,0
59.15,93.8784,0.0,0.0,0.0,0.0,0,0,0
59.199999999999996,93.8784,0.0,0.0,0.0,0.0,0,0,0
59.25,93.2688,0.0,0.0,0.0,0.0,0,0,0
59.3,92.964,0.0,0.0,0.0,0.0,0,0,0
59.35,92.3544,0.0,0.0,0.0,0.0,0,0,0
59.4,91.7448,0.0,0.0,0.0,0.0,0,0,0
59.449999999999996,91.7448,0.0,0.0,0.0,0.0,0,0,0
59.5,91.44,0.0,0.0,0.0,0.0,0,0,0
59.55,90.52560000000001,0.0,0.0,0.0,0.0,0,0,0
59.6,90.22080000000001,0.0,0.0,0.0,0.0,0,0,0
59.65,89.91600000000001,0.0,0.0,0.0,0.0,0,0,0
59.699999999999996,89.30640000000001,0.0,0.0,0.0,0.0,0,0,0
59.75,89.00160000000001,0.0,0.0,0.0,0.0,0,0,0
59.8,88.39200000000001,0.0,0.0,0.0,0.0,0,0,0
59.85,88.08720000000001,0.0,0.0,0.0,0.0,0,0,0
59.9,87.78240000000001,0.0,0.0,0.0,0.0,0,0,0
59.949999999999996,87.17280000000001,0.0,0.0,0.0,0.0,0,0,0
60.0,86.86800000000001,0.0,0.0,0.0,0.0,0,0,0
60.05,86.25840000000001,0.0,0.0,0.0,0.0,0,0,0
60.1,85.95360000000001,0.0,0.0,0.0,0.0,0,0,0
60.15,85.64880000000001,0.0,0.0,0.0,0.0,0,0,0
60.199999999999996,85.34400000000001,0.0,0.0,0.0,0.0,0,0,0
60.25,84.73440000000001,0.0,0.0,0.0,0.0,0,0,0
60.3,84.73440000000001,0.0,0.0,0.0,0.0,0,0,0
60.35,83.82000000000001,0.0,0.0,0.0,0.0,0,0,0
60.4,83.82000000000001,0.0,0.0,0.0,0.0,0,0,0
60.449999999999996,82.9056,0.0,0.0,0.0,0.0,0,0,0
60.5,82.6008,0.0,0.0,0.0,0.0,0,0,0
60.55,82.296,0.0,0.0,0.0,0.0,0,0,0
60.6,81.6864,0.0,0.0,0.0,0.0,0,0,0
60.65,81.3816,0.0,0.0,0.0,0.0,0,0,0
60.699999999999996,81.0768,0.0,0.0,0.0,0.0,0,0,0
60.75,80.4672,0.0,0.0,0.0,0.0,0,0,0
60.8,80.4672,0.0,0.0,0.0,0.0,0,0,0
60.85,80.1624,0.0,0.0,0.0,0.0,0,0,0
60.9,79.5528,0.0,0.0,0.0,0.0,0,0,0
60.949999999999996,78.9432,0.0,0.0,0.0,0.0,0,0,0
61.0,78.9432,0.0,0.0,0.0,0.0,0,0,0
61.05,78.3336,0.0,0.0,0.0,0.0,0,0,0
61.1,78.0288,0.0,0.0,0.0,0.0,0,0,0
61.15,77.724,0.0,0.0,0.0,0.0,0,0,0
61.199999999999996,77.1144,0.0,0.0,0.0,0.0,0,0,0
61.25,76.5048,0.0,0.0,0.0,0.0,0,0,0
61.3,76.2,0.0,0.0,0.0,0.0,0,0,0
61.35,75.5904,0.0,0.0,0.0,0.0,0,0,0
61.4,75.2856,0.0,0.0,0.0,0.0,0,0,0
61.449999999999996,74.9808,0.0,0.0,0.0,0.0,0,0,0
61.5,74.676,0.0,0.0,0.0,0.0,0,0,0
61.55,74.3712,0.0,0.0,0.0,0.0,0,0,0
61.6,73.7616,0.0,0.0,0.0,0.0,0,0,0
61.65,73.4568,0.0,0.0,0.0,0.0,0,0,0
61.699999999999996,73.152,0.0,0.0,0.0,0.0,0,0,0
61.75,72.5424,0.0,0.0,0.0,0.0,0,0,0
61.8,71.9328,0.0,0.0,0.0,0.0,0,0,0
61.85,71.9328,0.0,0.0,0.0,0.0,0,0,0
61.9,71.3232,0.0,0.0,0.0,0.0,0,0,0
61.949999999999996,71.3232,0.0,0.0,0.0,0.0,0,0,0
62.0,70.7136,0.0,0.0,0.0,0.0,0,0,0
62.05,70.104,0.0,0.0,0.0,0.0,0,0,0
62.1,70.104,0.0,0.0,0.0,0.0,0,0,0
62.15,69.1896,0.0,0.0,0.0,0.0,0,0,0
62.199999999999996,69.1896,0.0,0.0,0.0,0.0,0,0,0
62.25,68.8848,0.0,0.0,0.0,0.0,0,0,0
62.3,67.9704,0.0,0.0,0.0,0.0,0,0,0
62.35,67.9704,0.0,0.0,0.0,0.0,0,0,0
62.4,67.056,0.0,0.0,0.0,0.0,0,0,0
62.449999999999996,66.4464,0.0,0.0,0.0,0.0,0,0,0
62.5,66.4464,0.0,0.0,0.0,0.0,0,0,0
62.55,65.8368,0.0,0.0,0.0,0.0,0,0,0
62.6,65.8368,0.0,0.0,0.0,0.0,0,0,0
62.65,65.532,0.0,0.0,0.0,0.0,0,0,0
62.699999999999996,64.61760000000001,0.0,0.0,0.0,0.0,0,0,0
62.75,64.31280000000001,0.0,0.0,0.0,0.0,0,0,0
62.8,64.31280000000001,0.0,0.0,0.0,0.0,0,0,0
62.85,63.3984,0.0,0.0,0.0,0.0,0,0,0
62.9,62.7888,0.0,0.0,0.0,0.0,0,0,0
62.949999999999996,62.7888,0.0,0.0,0.0,0.0,0,0,0
63.0,62.1792,0.0,0.0,0.0,0.0,0,0,0
63.05,61.8744,0.0,0.0,0.0,0.0,0,0,0
63.1,61.2648,0.0,0.0,0.0,0.0,0,0,0
63.15,61.2648,0.0,0.0,0.0,0.0,0,0,0
63.199999999999996,60.96,0.0,0.0,0.0,0.0,0,0,0
63.25,60.3504,0.0,0.0,0.0,0.0,0,0,0
63.3,59.7408,0.0,0.0,0.0,0.0,0,0,0
63.35,59.436,0.0,0.0,0.0,0.0,0,0,0
63.4,59.436,0.0,0.0,0.0,0.0,0,0,0
63.449999999999996,58.52160000000001,0.0,0.0,0.0,0.0,0,0,0
63.5,58.216800000000006,0.0,0.0,0.0,0.0,0,0,0
63.55,57.607200000000006,0.0,0.0,0.0,0.0,0,0,0
63.6,57.302400000000006,0.0,0.0,0.0,0.0,0,0,0
63.65,56.997600000000006,0.0,0.0,0.0,0.0,0,0,0
63.699999999999996,56.997600000000006,0.0,0.0,0.0,0.0,0,0,0
63.75,56.388000000000005,0.0,0.0,0.0,0.0,0,0,0
63.8,55.168800000000005,0.0,0.0,0.0,0.0,0,0,0
63.85,55.168800000000005,0.0,0.0,0.0,0.0,0,0,0
63.9,54.864000000000004,0.0,0.0,0.0,0.0,0,0,0
63.949999999999996,54.254400000000004,0.0,0.0,0.0,0.0,0,0,0
63.99999999999999,53.949600000000004,0.0,0.0,0.0,0.0,0,0,0
64.05000000000001,53.644800000000004,0.0,0.0,0.0,0.0,0,0,0
64.10000000000001,53.0352,0.0,0.0,0.0,0.0,0,0,0
64.15,52.7304,0.0,0.0,0.0,0.0,0,0,0
64.2,52.4256,0.0,0.0,0.0,0.0,0,0,0
64.25,52.1208,0.0,0.0,0.0,0.0,0,0,0
64.30000000000001,51.5112,0.0,0.0,0.0,0.0,0,0,0
64.35000000000001,51.2064,0.0,0.0,0.0,0.0,0,0,0
64.4,50.5968,0.0,0.0,0.0,0.0,0,0,0
64.45,50.292,0.0,0.0,0.0,0.0,0,0,0
64.5,49.9872,0.0,0.0,0.0,0.0,0,0,0
64.55000000000001,49.6824,0.0,0.0,0.0,0.0,0,0,0
64.60000000000001,49.3776,0.0,0.0,0.0,0.0,0,0,0
64.65,48.4632,0.0,0.0,0.0,0.0,0,0,0
64.7,48.1584,0.0,0.0,0.0,0.0,0,0,0
64.75,47.8536,0.0,0.0,0.0,0.0,0,0,0
64.80000000000001,47.8536,0.0,0.0,0.0,0.0,0,0,0
64.85000000000001,46.9392,0.0,0.0,0.0,0.0,0,0,0
64.9,46.6344,0.0,0.0,0.0,0.0,0,0,0
64.95,46.3296,0.0,0.0,0.0,0.0,0,0,0
65.0,46.3296,0.0,0.0,0.0,0.0,0,0,0
65.05000000000001,45.415200000000006,0.0,0.0,0.0,0.0,0,0,0
65.10000000000001,45.72,0.0,0.0,0.0,0.0,0,0,0
65.15,44.805600000000005,0.0,0.0,0.0,0.0,0,0,0
65.2,44.500800000000005,0.0,0.0,0.0,0.0,0,0,0
65.25,43.891200000000005,0.0,0.0,0.0,0.0,0,0,0
65.30000000000001,43.891200000000005,0.0,0.0,0.0,0.0,0,0,0
65.35000000000001,42.976800000000004,0.0,0.0,0.0,0.0,0,0,0
65.4,42.672000000000004,0.0,0.0,0.0,0.0,0,0,0
65.45,42.672000000000004,0.0,0.0,0.0,0.0,0,0,0
65.5,41.757600000000004,0.0,0.0,0.0,0.0,0,0,0
65.55000000000001,41.4528,0.0,0.0,0.0,0.0,0,0,0
65.60000000000001,41.148,0.0,0.0,0.0,0.0,0,0,0
65.65,40.8432,0.0,0.0,0.0,0.0,0,0,0
65.7,40.2336,0.0,0.0,0.0,0.0,0,0,0
65.75,39.624,0.0,0.0,0.0,0.0,0,0,0
65.80000000000001,39.624,0.0,0.0,0.0,0.0,0,0,0
65.85000000000001,39.0144,0.0,0.0,0.0,0.0,0,0,0
65.9,38.4048,0.0,0.0,0.0,0.0,0,0,0
65.95,38.1,0.0,0.0,0.0,0.0,0,0,0
66.0,37.4904,0.0,0.0,0.0,0.0,0,0,0
66.05000000000001,37.1856,0.0,0.0,0.0,0.0,0,0,0
66.10000000000001,37.1856,0.0,0.0,0.0,0.0,0,0,0
66.15,36.2712,0.0,0.0,0.0,0.0,0,0,0
66.2,35.9664,0.0,0.0,0.0,0.0,0,0,0
66.25,35.6616,0.0,0.0,0.0,0.0,0,0,0
66.30000000000001,35.3568,0.0,0.0,0.0,0.0,0,0,0
66.35000000000001,35.3568,0.0,0.0,0.0,0.0,0,0,0
66.4,34.4424,0.0,0.0,0.0,0.0,0,0,0
66.45,33.8328,0.0,0.0,0.0,0.0,0,0,0
66.5,34.1376,0.0,0.0,0.0,0.0,0,0,0
66.55000000000001,33.528,0.0,0.0,0.0,0.0,0,0,0
66.60000000000001,32.6136,0.0,0.0,0.0,0.0,0,0,0
66.65,32.6136,0.0,0.0,0.0,0.0,0,0,0
66.7,32.004000000000005,0.0,0.0,0.0,0.0,0,0,0
66.75,31.6992,0.0,0.0,0.0,0.0,0,0,0
66.80000000000001,31.6992,0.0,0.0,0.0,0.0,0,0,0
66.85000000000001,31.0896,0.0,0.0,0.0,0.0,0,0,0
66.9,30.7848,0.0,0.0,0.0,0.0,0,0,0
66.95,30.1752,0.0,0.0,0.0,0.0,0,0,0
67.0,29.8704,0.0,0.0,0.0,0.0,0,0,0
67.05000000000001,29.5656,0.0,0.0,0.0,0.0,0,0,0
67.10000000000001,29.260800000000003,0.0,0.0,0.0,0.0,0,0,0
67.15,28.346400000000003,0.0,0.0,0.0,0.0,0,0,0
67.2,28.041600000000003,0.0,0.0,0.0,0.0,0,0,0
67.25,27.127200000000002,0.0,0.0,0.0,0.0,0,0,0
67.30000000000001,27.127200000000002,0.0,0.0,0.0,0.0,0,0,0
67.35000000000001,26.5176,0.0,0.0,0.0,0.0,0,0,0
67.4,26.2128,0.0,0.0,0.0,0.0,0,0,0
67.45,26.2128,0.0,0.0,0.0,0.0,0,0,0
67.5,25.6032,0.0,0.0,0.0,0.0,0,0,0
67.55000000000001,24.6888,0.0,0.0,0.0,0.0,0,0,0
67.60000000000001,25.2984,0.0,0.0,0.0,0.0,0,0,0
67.65,24.384,0.0,0.0,0.0,0.0,0,0,0
67.7,24.0792,0.0,0.0,0.0,0.0,0,0,0
67.75,23.7744,0.0,0.0,0.0,0.0,0,0,0
67.80000000000001,23.4696,0.0,0.0,0.0,0.0,0,0,0
67.85000000000001,22.555200000000003,0.0,0.0,0.0,0.0,0,0,0
67.9,22.250400000000003,0.0,0.0,0.0,0.0,0,0,0
67.95,21.945600000000002,0.0,0.0,0.0,0.0,0,0,0
68.0,21.640800000000002,0.0,0.0,0.0,0.0,0,0,0
68.05000000000001,21.336000000000002,0.0,0.0,0.0,0.0,0,0,0
68.10000000000001,20.4216,0.0,0.0,0.0,0.0,0,0,0
68.15,19.812,0.0,0.0,0.0,0.0,0,0,0
68.2,19.812,0.0,0.0,0.0,0.0,0,0,0
68.25,19.5072,0.0,0.0,0.0,0.0,0,0,0
68.30000000000001,18.8976,0.0,0.0,0.0,0.0,0,0,0
68.35000000000001,18.8976,0.0,0.0,0.0,0.0,0,0,0
68.4,17.9832,0.0,0.0,0.0,0.0,0,0,0
68.45,17.3736,0.0,0.0,0.0,0.0,0,0,0
68.5,17.3736,0.0,0.0,0.0,0.0,0,0,0
68.55000000000001,16.764,0.0,0.0,0.0,0.0,0,0,0
68.60000000000001,16.4592,0.0,0.0,0.0,0.0,0,0,0
68.65,15.8496,0.0,0.0,0.0,0.0,0,0,0
68.7,15.5448,0.0,0.0,0.0,0.0,0,0,0
68.75,15.24,0.0,0.0,0.0,0.0,0,0,0
68.80000000000001,14.9352,0.0,0.0,0.0,0.0,0,0,0
68.85000000000001,14.630400000000002,0.0,0.0,0.0,0.0,0,0,0
68.9,13.716000000000001,0.0,0.0,0.0,0.0,0,0,0
68.95,13.411200000000001,0.0,0.0,0.0,0.0,0,0,0
69.0,13.411200000000001,0.0,0.0,0.0,0.0,0,0,0
69.05000000000001,12.4968,0.0,0.0,0.0,0.0,0,0,0
69.10000000000001,12.4968,0.0,0.0,0.0,0.0,0,0,0
69.15,12.192,0.0,0.0,0.0,0.0,0,0,0
69.2,11.5824,0.0,0.0,0.0,0.0,0,0,0
69.25,11.277600000000001,0.0,0.0,0.0,0.0,0,0,0
69.30000000000001,10.972800000000001,0.0,0.0,0.0,0.0,0,0,0
69.35000000000001,10.972800000000001,0.0,0.0,0.0,0.0,0,0,0
69.4,10.668000000000001,0.0,0.0,0.0,0.0,0,0,0
69.45,10.3632,0.0,0.0,0.0,0.0,0,0,0
69.5,9.4488,0.0,0.0,0.0,0.0,0,0,0
69.55000000000001,8.8392,0.0,0.0,0.0,0.0,0,0,0
69.60000000000001,8.8392,0.0,0.0,0.0,0.0,0,0,0
69.65,8.5344,0.0,0.0,0.0,0.0,0,0,0
69.7,8.2296,0.0,0.0,0.0,0.0,0,0,0
69.75,7.9248,0.0,0.0,0.0,0.0,0,0,0
69.80000000000001,7.315200000000001,0.0,0.0,0.0,0.0,0,0,0
69.85000000000001,7.010400000000001,0.0,0.0,0.0,0.0,0,0,0
69.9,6.7056000000000004,0.0,0.0,0.0,0.0,0,0,0
69.95,6.096,0.0,0.0,0.0,0.0,0,0,0
70.0,5.7912,0.0,0.0,0.0,0.0,0,0,0
70.05000000000001,5.1816,0.0,0.0,0.0,0.0,0,0,0
70.10000000000001,5.1816,0.0,0.0,0.0,0.0,0,0,0
70.15,4.8768,0.0,0.0,0.0,0.0,0,0,0
70.2,4.572,0.0,0.0,0.0,0.0,0,0,0
70.25,4.2672,0.0,0.0,0.0,0.0,0,0,0
70.30000000000001,3.9624,0.0,0.0,0.0,0.0,0,0,0
70.35000000000001,3.6576000000000004,0.0,0.0,0.0,0.0,0,0,0
70.4,3.048,0.0,0.0,0.0,0.0,0,0,0
70.45,3.048,0.0,0.0,0.0,0.0,0,0,0
70.5,2.7432000000000003,0.0,0.0,0.0,0.0,0,0,0
70.55000000000001,2.1336,0.0,0.0,0.0,0.0,0,0,0
70.60000000000001,2.1336,0.0,0.0,0.0,0.0,0,0,0
70.65,1.524,0.0,0.0,0.0,0.0,0,0,0
70.7,2.1336,0.0,0.0,0.0,0.0,0,0,0
70.75,1.2192,0.0,0.0,0.0,0.0,0,0,0
70.80000000000001,1.2192,0.0,0.0,0.0,0.0,0,0,0
70.85000000000001,0.9144000000000001,0.0,0.0,0.0,0.0,0,0,0
70.9,0.3048,0.0,0.0,0.0,0.0,0,0,0
70.95,0.0,0.0,0.0,0.0,0.0,0,0,0
71.0,-0.3048,0.0,0.0,0.0,0.0,0,0,0
71.05000000000001,-0.6096,0.0,0.0,0.0,0.0,0,0,0
71.10000000000001,-0.9144000000000001,0.0,0.0,0.0,0.0,0,0,0
71.15,-0.6096,0.0,0.0,0.0,0.0,0,0,0
71.2,-0.9144000000000001,0.0,0.0,0.0,0.0,0,0,0
71.25,-1.524,0.0,0.0,0.0,0.0,0,0,0
71.30000000000001,-1.524,0.0,0.0,0.0,0.0,0,0,0
71.35000000000001,-2.1336,0.0,0.0,0.0,0.0,0,0,0
71.4,-2.7432000000000003,0.0,0.0,0.0,0.0,0,0,0
71.45,-3.3528000000000002,0.0,0.0,0.0,0.0,0,0,0
71.5,-3.048,0.0,0.0,0.0,0.0,0,0,0
71.55000000000001,-2.7432000000000003,0.0,0.0,0.0,0.0,0,0,0
71.60000000000001,-2.4384,0.0,0.0,0.0,0.0,0,0,0
71.65,-2.1336,0.0,0.0,0.0,0.0,0,0,0
71.7,-2.4384,0.0,0.0,0.0,0.0,0,0,0
71.75,-2.4384,0.0,0.0,0.0,0.0,0,0,0
71.80000000000001,-2.7432000000000003,0.0,0.0,0.0,0.0,0,0,0
71.85000000000001,-2.1336,0.0,0.0,0.0,0.0,0,0,0
71.9,-2.4384,0.0,0.0,0.0,0.0,0,0,0
71.95,-2.4384,0.0,0.0,0.0,0.0,0,0,0
72.0,-2.4384,0.0,0.0,0.0,0.0,0,0,0
72.05000000000001,-2.4384,0.0,0.0,0.0,0.0,0,0,0
72.10000000000001,-2.4384,0.0,0.0,0.0,0.0,0,0,0
72.15,-2.1336,0.0,0.0,0.0,0.0,0,0,0
72.2,-2.4384,0.0,0.0,0.0,0.0,0,0,0
72.25,-2.4384,0.0,0.0,0.0,0.0,0,0,0
72.30000000000001,-2.4384,0.0,0.0,0.0,0.0,0,0,0
72.35000000000001,-2.4384,0.0,0.0,0.0,0.0,0,0,0
72.4,-2.4384,0.0,0.0,0.0,0.0,0,0,0
72.45,-2.4384,0.0,0.0,0.0,0.0,0,0,0
72.5,-2.7432000000000003,0.0,0.0,0.0,0.0,0,0,0
72.55000000000001,-2.4384,0.0,0.0,0.0,0.0,0,0,0
72.60000000000001,-2.4384,0.0,0.0,0.0,0.0,0,0,0
72.65,-2.4384,0.0,0.0,0.0,0.0,0,0,0
72.7,-2.4384,0.0,0.0,0.0,0.0,0,0,0
72.75,-2.4384,0.0,0.0,0.0,0.0,0,0,0
72.80000000000001,-2.4384,0.0,0.0,0.0,0.0,0,0,0
72.85000000000001,-2.4384,0.0,0.0,0.0,0.0,0,0,0
72.9,-2.4384,0.0,0.0,0.0,0.0,0,0,0
72.95,-2.4384,0.0,0.0,0.0,0.0,0,0,0
73.0,-2.4384,0.0,0.0,0.0,0.0,0,0,0
73.05000000000001,-2.4384,0.0,0.0,0.0,0.0,0,0,0
73.10000000000001,-2.4384,0.0,0.0,0.0,0.0,0,0,0
73.15,-2.1336,0.0,0.0,0.0,0.0,0,0,0
73.2,-2.4384,0.0,0.0,0.0,0.0,0,0,0
73.25,-2.4384,0.0,0.0,0.0,0.0,0,0,0
73.30000000000001,-2.4384,0.0,0.0,0.0,0.0,0,0,0
73.35000000000001,-2.7432000000000003,0.0,0.0,0.0,0.0,0,0,0
73.4,-2.7432000000000003,0.0,0.0,0.0,0.0,0,0,0
73.45,-2.1336,0.0,0.0,0.0,0.0,0,0,0
73.5,-2.4384,0.0,0.0,0.0,0.0,0,0,0
73.55000000000001,-2.1336,0.0,0.0,0.0,0.0,0,0,0
73.60000000000001,-2.4384,0.0,0.0,0.0,0.0,0,0,0
73.65,-2.7432000000000003,0.0,0.0,0.0,0.0,0,0,0
73.7,-2.4384,0.0,0.0,0.0,0.0,0,0,0
73.75,-2.4384,0.0,0.0,0.0,0.0,0,0,0
73.80000000000001,-2.4384,0.0,0.0,0.0,0.0,0,0,0
73.85000000000001,-2.7432000000000003,0.0,0.0,0.0,0.0,0,0,0
73.9,-2.4384,0.0,0.0,0.0,0.0,0,0,0
73.95,-2.4384,0.0,0.0,0.0,0.0,0,0,0
74.0,-2.4384,0.0,0.0,0.0,0.0,0,0,0
74.05000000000001,-2.4384,0.0,0.0,0.0,0.0,0,0,0
74.10000000000001,-2.1336,0.0,0.0,0.0,0.0,0,0,0
74.15,-2.4384,0.0,0.0,0.0,0.0,0,0,0
74.2,-2.1336,0.0,0.0,0.0,0.0,0,0,0
74.25,-2.4384,0.0,0.0,0.0,0.0,0,0,0
74.30000000000001,-2.4384,0.0,0.0,0.0,0.0,0,0,0
74.35000000000001,-2.4384,0.0,0.0,0.0,0.0,0,0,0
74.4,-2.7432000000000003,0.0,0.0,0.0,0.0,0,0,0
74.45,-2.7432000000000003,0.0,0.0,0.0,0.0,0,0,0
74.5,-2.4384,0.0,0.0,0.0,0.0,0,0,0
74.55000000000001,-2.4384,0.0,0.0,0.0,0.0,0,0,0
74.60000000000001,-2.4384,0.0,0.0,0.0,0.0,0,0,0
74.65,-2.4384,0.0,0.0,0.0,0.0,0,0,0
74.7,-2.4384,0.0,0.0,0.0,0.0,0,0,0
74.75,-2.7432000000000003,0.0,0.0,0.0,0.0,0,0,0
74.80000000000001,-2.4384,0.0,0.0,0.0,0.0,0,0,0
74.85000000000001,-2.4384,0.0,0.0,0.0,0.0,0,0,0
74.9,-2.4384,0.0,0.0,0.0,0.0,0,0,0
74.95,-2.7432000000000003,0.0,0.0,0.0,0.0,0,0,0
75.0,-2.4384,0.0,0.0,0.0,0.0,0,0,0
75.05000000000001,-2.4384,0.0,0.0,0.0,0.0,0,0,0
75.10000000000001,-2.7432000000000003,0.0,0.0,0.0,0.0,0,0,0
75.15,-2.4384,0.0,0.0,0.0,0.0,0,0,0
75.2,-2.4384,0.0,0.0,0.0,0.0,0,0,0
75.25,-2.4384,0.0,0.0,0.0,0.0,0,0,0
75.30000000000001,-2.4384,0.0,0.0,0.0,0.0,0,0,0
75.35000000000001,-2.4384,0.0,0.0,0.0,0.0,0,0,0
75.4,-2.4384,0.0,0.0,0.0,0.0,0,0,0
75.45,-2.4384,0.0,0.0,0.0,0.0,0,0,0
75.5,-2.4384,0.0,0.0,0.0,0.0,0,0,0
75.55000000000001,-2.4384,0.0,0.0,0.0,0.0,0,0,0
75.60000000000001,-2.4384,0.0,0.0,0.0,0.0,0,0,0
75.65,-2.4384,0.0,0.0,0.0,0.0,0,0,0
75.7,-2.1336,0.0,0.0,0.0,0.0,0,0,0
75.75,-2.1336,0.0,0.0,0.0,0.0,0,0,0
75.80000000000001,-2.4384,0.0,0.0,0.0,0.0,0,0,0
75.85000000000001,-2.4384,0.0,0.0,0.0,0.0,0,0,0
75.9,-2.1336,0.0,0.0,0.0,0.0,0,0,0
75.95,-2.4384,0.0,0.0,0.0,0.0,0,0,0
76.0,-2.1336,0.0,0.0,0.0,0.0,0,0,0
76.05000000000001,-2.1336,0.0,0.0,0.0,0.0,0,0,0
76.10000000000001,-2.4384,0.0,0.0,0.0,0.0,0,0,0
76.15,-2.1336,0.0,0.0,0.0,0.0,0,0,0
76.2,-2.1336,0.0,0.0,0.0,0.0,0,0,0
76.25,-2.4384,0.0,0.0,0.0,0.0,0,0,0
76.30000000000001,-2.1336,0.0,0.0,0.0,0.0,0,0,0
76.35000000000001,-2.1336,0.0,0.0,0.0,0.0,0,0,0
76.4,-2.1336,0.0,0.0,0.0,0.0,0,0,0
76.45,-2.1336,0.0,0.0,0.0,0.0,0,0,0
76.5,-2.4384,0.0,0.0,0.0,0.0,0,0,0
76.55000000000001,-2.4384,0.0,0.0,0.0,0.0,0,0,0
76.60000000000001,-2.1336,0.0,0.0,0.0,0.0,0,0,0
76.65,-2.1336,0.0,0.0,0.0,0.0,0,0,0
76.7,-2.1336,0.0,0.0,0.0,0.0,0,0,0
76.75,-2.1336,0.0,0.0,0.0,0.0,0,0,0
76.80000000000001,-2.4384,0.0,0.0,0.0,0.0,0,0,0
76.85000000000001,-2.1336,0.0,0.0,0.0,0.0,0,0,0
76.9,-2.4384,0.0,0.0,0.0,0.0,0,0,0
76.95,-2.1336,0.0,0.0,0.0,0.0,0,0,0
77.0,-2.1336,0.0,0.0,0.0,0.0,0,0,0
77.05000000000001,-2.1336,0.0,0.0,0.0,0.0,0,0,0
77.10000000000001,-2.1336,0.0,0.0,0.0,0.0,0,0,0
77.15,-2.7432000000000003,0.0,0.0,0.0,0.0,0,0,0
77.2,-2.4384,0.0,0.0,0.0,0.0,0,0,0
77.25,-2.1336,0.0,0.0,0.0,0.0,0,0,0
77.30000000000001,-2.4384,0.0,0.0,0.0,0.0,0,0,0
77.35000000000001,-2.1336,0.0,0.0,0.0,0.0,0,0,0
77.4,-2.4384,0.0,0.0,0.0,0.0,0,0,0
77.45,-2.1336,0.0,0.0,0.0,0.0,0,0,0
77.5,-2.1336,0.0,0.0,0.0,0.0,0,0,0
77.55000000000001,-2.4384,0.0,0.0,0.0,0.0,0,0,0
77.60000000000001,-2.4384,0.0,0.0,0.0,0.0,0,0,0
77.65,-2.1336,0.0,0.0,0.0,0.0,0,0,0
77.7,-2.4384,0.0,0.0,0.0,0.0,0,0,0
77.75,-2.1336,0.0,0.0,0.0,0.0,0,0,0
77.80000000000001,-2.4384,0.0,0.0,0.0,0.0,0,0,0
77.85000000000001,-2.4384,0.0,0.0,0.0,0.0,0,0,0
77.9,-2.4384,0.0,0.0,0.0,0.0,0,0,0
77.95,-2.1336,0.0,0.0,0.0,0.0,0,0,0
78.0,-2.4384,0.0,0.0,0.0,0.0,0,0,0
78.05000000000001,-2.4384,0.0,0.0,0.0,0.0,0,0,0
78.10000000000001,-2.1336,0.0,0.0,0.0,0.0,0,0,0
78.15,-2.1336,0.0,0.0,0.0,0.0,0,0,0
78.2,-2.4384,0.0,0.0,0.0,0.0,0,0,0
78.25,-2.4384,0.0,0.0,0.0,0.0,0,0,0
78.30000000000001,-2.1336,0.0,0.0,0.0,0.0,0,0,0
78.35000000000001,-2.4384,0.0,0.0,0.0,0.0,0,0,0
78.4,-2.4384,0.0,0.0,0.0,0.0,0,0,0
78.45,-2.1336,0.0,0.0,0.0,0.0,0,0,0
78.5,-2.4384,0.0,0.0,0.0,0.0,0,0,0
78.55000000000001,-2.4384,0.0,0.0,0.0,0.0,0,0,0
78.60000000000001,-2.4384,0.0,0.0,0.0,0.0,0,0,0
78.65,-2.4384,0.0,0.0,0.0,0.0,0,0,0
78.7,-2.1336,0.0,0.0,0.0,0.0,0,0,0
78.75,-2.1336,0.0,0.0,0.0,0.0,0,0,0
78.80000000000001,-2.1336,0.0,0.0,0.0,0.0,0,0,0
78.85000000000001,-2.4384,0.0,0.0,0.0,0.0,0,0,0
78.9,-2.1336,0.0,0.0,0.0,0.0,0,0,0
78.95,-2.1336,0.0,0.0,0.0,0.0,0,0,0
79.0,-2.4384,0.0,0.0,0.0,0.0,0,0,0
79.05000000000001,-2.1336,0.0,0.0,0.0,0.0,0,0,0
