# Time (s),Altitude (m),Vertical velocity (m/s),Vertical acceleration (m/s²),Air temperature (°C),Air pressure (mbar),Simulation time step (s),Apogee (m)
# Event IGNITION occurred at t=0 seconds
# Event LAUNCH occurred at t=0 seconds
0.01,0.006,1.209,121,15.556,1013.25,0.01,2238.13
# Event LIFTOFF occurred at t=0.02 seconds
0.02,0.024,2.419,121.025,15.555,1013.25,0.01,2238.13
0.03,0.054,3.629,121.049,15.555,1013.24,0.01,2238.13
0.04,0.097,4.839,121.071,15.555,1013.24,0.01,2238.13
0.05,0.151,6.049,121.091,15.555,1013.23,0.01,2238.13
0.06,0.218,7.26,121.111,15.554,1013.23,0.01,2238.13
0.07,0.296,8.471,121.13,15.554,1013.22,0.01,2238.13
0.08,0.387,9.682,121.148,15.553,1013.21,0.01,2238.13
0.09,0.49,10.893,121.165,15.552,1013.19,0.01,2238.13
0.1,0.605,12.104,121.182,15.552,1013.18,0.01,2238.13
0.11,0.732,13.315,121.198,15.551,1013.16,0.01,2238.13
0.12,0.871,14.527,121.213,15.55,1013.15,0.01,2238.13
0.13,1.023,15.739,121.228,15.549,1013.13,0.01,2238.13
0.14,1.186,16.951,121.243,15.548,1013.11,0.01,2238.13
0.15,1.362,18.163,121.258,15.547,1013.09,0.01,2238.13
0.16,1.549,19.375,121.272,15.545,1013.07,0.01,2238.13
0.17,1.749,20.587,121.286,15.544,1013.04,0.01,2238.13
0.18,1.961,21.8,121.299,15.543,1013.02,0.01,2238.13
0.19,2.185,23.012,121.312,15.541,1012.99,0.01,2238.13
0.2,2.421,24.225,121.325,15.54,1012.97,0.01,2238.13
0.21,2.67,25.438,121.336,15.538,1012.94,0.01,2238.13
0.22,2.93,26.651,121.348,15.536,1012.91,0.01,2238.13
0.23,3.203,27.864,121.359,15.535,1012.88,0.01,2238.13
0.24,3.487,29.077,121.369,15.533,1012.84,0.01,2238.13
0.25,3.784,30.29,121.379,15.531,1012.81,0.01,2238.13
0.26,4.093,31.504,121.388,15.529,1012.77,0.01,2238.13
0.27,4.414,32.717,121.397,15.527,1012.73,0.01,2238.13
0.28,4.748,33.931,121.405,15.524,1012.69,0.01,2238.13
0.29,5.093,35.144,121.413,15.522,1012.65,0.01,2238.13
# Event LAUNCHROD occurred at t=0.3 seconds
0.3,5.45,36.358,121.42,15.52,1012.61,0.01,2238.13
0.315,6.009,38.179,121.453,15.516,1012.55,0.015,2238.13
0.338,6.899,40.91,121.501,15.51,1012.44,0.023,2238.13
0.371,8.349,45.008,121.566,15.501,1012.27,0.034,2238.13
0.421,10.751,51.079,121.647,15.485,1011.99,0.05,2238.13
0.471,13.457,57.15,121.636,15.467,1011.67,0.05,2238.13
0.521,16.465,63.184,120.872,15.448,1011.32,0.05,2238.13
0.571,19.772,69.106,118.597,15.426,1010.93,0.05,2238.13
0.621,23.373,74.91,116.21,15.402,1010.51,0.05,2238.13
0.671,27.26,80.592,113.741,15.377,1010.06,0.05,2238.13
0.721,31.429,86.148,111.19,15.35,1009.57,0.05,2238.13
0.771,35.872,91.575,108.585,15.321,1009.05,0.05,2238.13
0.821,40.583,96.872,105.952,15.29,1008.5,0.05,2238.13
0.871,45.556,102.054,103.646,15.257,1007.92,0.05,2238.13
0.916,50.261,106.637,101.694,15.226,1007.37,0.045,2238.13
0.958,54.741,110.755,99.98,15.197,1006.84,0.041,2238.13
1,59.473,114.878,98.385,15.166,1006.29,0.042,2238.13
1.047,65.003,119.439,96.742,15.13,1005.64,0.047,2238.13
1.097,71.093,124.179,94.933,15.09,1004.93,0.05,2238.13
1.147,77.418,128.825,93.033,15.048,1004.19,0.05,2238.13
1.197,83.973,133.373,91.04,15.005,1003.42,0.05,2238.13
1.247,90.753,137.821,89.001,14.961,1002.63,0.05,2238.13
1.288,96.561,141.44,87.062,14.923,1001.95,0.042,2238.13
1.326,101.971,144.667,85.338,14.888,1001.31,0.038,2238.13
1.367,107.938,148.081,83.686,14.849,1000.61,0.041,2238.13
1.417,115.445,152.191,82.044,14.799,999.735,0.05,2238.13
1.467,123.155,156.208,80.218,14.749,998.833,0.05,2238.13
1.517,131.063,160.135,78.414,14.697,997.907,0.05,2238.13
1.557,137.607,163.248,76.886,14.654,997.141,0.04,2238.13
1.597,144.106,166.231,75.614,14.612,996.38,0.039,2238.13
1.647,152.511,169.943,74.203,14.557,995.396,0.05,2238.13
1.697,161.098,173.575,72.638,14.5,994.391,0.05,2238.13
1.747,169.866,177.128,71.048,14.443,993.364,0.05,2238.13
1.797,178.809,180.6,69.358,14.384,992.317,0.05,2238.13
1.844,187.32,183.765,67.682,14.329,991.321,0.047,2238.13
1.893,196.567,187.059,65.918,14.268,990.238,0.05,2238.13
1.943,206,190.269,64.065,14.206,989.134,0.05,2238.13
1.993,215.592,193.386,62.214,14.143,988.011,0.05,2238.13
2.043,225.337,196.412,60.441,14.079,986.87,0.05,2238.13
2.093,235.231,199.35,58.711,14.015,985.712,0.05,2238.13
2.143,245.27,202.205,57.072,13.949,984.537,0.05,2238.13
2.193,255.449,204.978,55.432,13.882,983.345,0.05,2238.13
2.243,265.765,207.667,53.713,13.815,982.137,0.05,2238.13
2.287,274.883,209.942,52.031,13.755,981.07,0.044,2238.13
2.337,285.443,212.462,50.226,13.686,979.834,0.05,2238.13
2.387,296.126,214.884,48.323,13.616,978.583,0.05,2238.13
2.437,306.929,217.213,46.504,13.545,977.318,0.05,2238.13
2.485,317.439,219.373,44.865,13.476,976.088,0.048,2238.13
2.535,328.462,221.536,43.206,13.404,974.798,0.05,2238.13
2.585,339.591,223.613,41.513,13.331,973.495,0.05,2238.13
2.635,350.821,225.604,39.725,13.258,972.18,0.05,2238.13
2.685,362.149,227.503,37.856,13.183,970.854,0.05,2238.13
2.735,373.569,229.307,35.992,13.108,969.517,0.05,2238.13
2.785,385.077,231.019,34.158,13.033,968.17,0.05,2238.13
2.835,396.669,232.642,32.48,12.957,966.813,0.05,2238.13
2.885,408.339,234.184,30.842,12.881,965.447,0.05,2238.13
2.935,420.085,235.643,29.148,12.804,964.071,0.05,2238.13
2.981,430.991,236.911,27.421,12.732,962.795,0.046,2238.13
3.031,442.866,238.091,23.389,12.655,961.405,0.05,2238.13
3.081,454.784,238.657,11.288,12.576,960.009,0.05,2238.13
3.131,466.718,238.7,0.884,12.498,958.612,0.05,2238.13
3.181,478.647,238.458,-4.748,12.42,957.216,0.05,2238.13
3.231,490.557,237.942,-10.252,12.342,955.821,0.05,2238.13
3.281,502.434,237.148,-15.816,12.264,954.444,0.05,2238.13
3.331,514.265,236.076,-21.385,12.187,953.125,0.05,2238.13
# Event BURNOUT occurred at t=3.35 seconds
3.35,518.662,235.605,-25.243,12.158,952.634,0.019,2238.13
3.378,525.241,234.87,-26.236,12.115,951.901,0.028,2238.13
3.42,535.071,233.772,-26.08,12.051,950.804,0.042,2238.13
3.47,546.727,232.474,-25.822,11.974,949.504,0.05,2238.13
3.52,558.319,231.19,-25.555,11.898,948.211,0.05,2238.13
3.57,569.847,229.919,-25.322,11.823,946.925,0.05,2238.13
3.62,581.311,228.657,-25.142,11.748,945.647,0.05,2238.13
3.67,592.713,227.404,-24.998,11.673,944.375,0.05,2238.13
3.72,604.052,226.158,-24.828,11.599,943.11,0.05,2238.13
3.77,615.328,224.922,-24.608,11.525,941.852,0.05,2238.13
3.82,626.544,223.697,-24.37,11.451,940.601,0.05,2238.13
3.87,637.698,222.485,-24.146,11.378,939.357,0.05,2238.13
3.92,648.793,221.282,-23.963,11.306,938.12,0.05,2238.13
3.97,659.827,220.088,-23.836,11.233,936.889,0.05,2238.13
4.02,670.801,218.898,-23.742,11.161,935.665,0.05,2238.13
4.07,681.717,217.714,-23.582,11.09,934.447,0.05,2238.13
4.12,692.573,216.54,-23.353,11.019,933.236,0.05,2238.13
4.17,703.371,215.379,-23.108,10.948,932.032,0.05,2238.13
4.22,714.111,214.229,-22.899,10.878,930.834,0.05,2238.13
4.27,724.794,213.088,-22.769,10.808,929.642,0.05,2238.13
4.32,735.42,211.952,-22.665,10.738,928.457,0.05,2238.13
4.37,745.989,210.822,-22.537,10.669,927.278,0.05,2238.13
4.42,756.502,209.699,-22.383,10.6,926.106,0.05,2238.13
4.47,766.959,208.584,-22.221,10.532,924.939,0.05,2238.13
4.52,777.361,207.476,-22.075,10.463,923.779,0.05,2238.13
4.57,787.707,206.376,-21.905,10.396,922.625,0.05,2238.13
4.62,797.999,205.286,-21.704,10.328,921.477,0.05,2238.13
4.67,808.236,204.206,-21.529,10.261,920.335,0.05,2238.13
4.72,818.419,203.133,-21.416,10.194,919.199,0.05,2238.13
4.77,828.549,202.064,-21.328,10.128,918.07,0.05,2238.13
4.82,838.626,201,-21.21,10.062,916.946,0.05,2238.13
4.87,848.649,199.943,-21.083,9.996,915.828,0.05,2238.13
4.92,858.62,198.892,-20.925,9.931,914.715,0.05,2238.13
4.97,868.539,197.851,-20.756,9.866,913.609,0.05,2238.13
5.02,878.405,196.816,-20.607,9.802,912.509,0.05,2238.13
5.07,888.22,195.79,-20.464,9.737,911.414,0.05,2238.13
5.12,897.984,194.77,-20.34,9.673,910.325,0.05,2238.13
5.17,907.697,193.756,-20.223,9.61,909.241,0.05,2238.13
5.22,917.36,192.747,-20.133,9.546,908.164,0.05,2238.13
5.27,926.972,191.742,-20.037,9.483,907.091,0.05,2238.13
5.32,936.534,190.744,-19.89,9.421,906.025,0.05,2238.13
5.37,946.047,189.754,-19.737,9.358,904.964,0.05,2238.13
5.42,955.51,188.77,-19.599,9.296,903.908,0.05,2238.13
5.47,964.924,187.794,-19.455,9.235,902.858,0.05,2238.13
5.52,974.289,186.824,-19.353,9.173,901.814,0.05,2238.13
5.57,983.606,185.858,-19.286,9.112,900.774,0.05,2238.13
5.62,992.875,184.896,-19.211,9.052,899.741,0.05,2238.13
5.67,1002.1,183.937,-19.139,8.991,898.723,0.05,2238.13
5.72,1011.27,182.982,-19.023,8.931,897.749,0.05,2238.13
5.77,1020.39,182.035,-18.866,8.871,896.78,0.05,2238.13
5.82,1029.47,181.096,-18.709,8.812,895.815,0.05,2238.13
5.87,1038.5,180.164,-18.581,8.753,894.856,0.05,2238.13
5.92,1047.49,179.237,-18.489,8.694,893.902,0.05,2238.13
5.97,1056.43,178.315,-18.407,8.635,892.952,0.05,2238.13
6.02,1065.32,177.396,-18.332,8.577,892.008,0.05,2238.13
6.07,1074.17,176.482,-18.251,8.519,891.068,0.05,2238.13
6.12,1082.97,175.571,-18.194,8.462,890.133,0.05,2238.13
6.17,1091.72,174.662,-18.115,8.404,889.203,0.05,2238.13
6.22,1100.43,173.76,-17.974,8.347,888.278,0.05,2238.13
6.27,1109.1,172.865,-17.832,8.29,887.358,0.05,2238.13
6.32,1117.72,171.977,-17.694,8.234,886.442,0.05,2238.13
6.37,1126.3,171.095,-17.581,8.178,885.531,0.05,2238.13
6.42,1134.83,170.218,-17.512,8.122,884.625,0.05,2238.13
6.47,1143.32,169.343,-17.489,8.066,883.723,0.05,2238.13
6.52,1151.77,168.469,-17.45,8.011,882.826,0.05,2238.13
6.57,1160.17,167.599,-17.383,7.956,881.934,0.05,2238.13
6.62,1168.53,166.732,-17.279,7.901,881.046,0.05,2238.13
6.67,1176.84,165.871,-17.152,7.847,880.163,0.05,2238.13
6.72,1185.11,165.016,-17.037,7.792,879.284,0.05,2238.13
6.77,1193.34,164.168,-16.926,7.739,878.41,0.05,2238.13
6.82,1201.53,163.323,-16.858,7.685,877.541,0.05,2238.13
6.87,1209.67,162.481,-16.808,7.632,876.676,0.05,2238.13
6.92,1217.78,161.643,-16.729,7.578,875.815,0.05,2238.13
6.97,1225.84,160.809,-16.635,7.526,874.959,0.05,2238.13
7.02,1233.86,159.98,-16.526,7.473,874.107,0.05,2238.13
7.07,1241.84,159.156,-16.444,7.421,873.259,0.05,2238.13
7.12,1249.77,158.335,-16.395,7.369,872.416,0.05,2238.13
7.17,1257.67,157.516,-16.326,7.317,871.578,0.05,2238.13
7.22,1265.53,156.702,-16.26,7.266,870.743,0.05,2238.13
7.27,1273.34,155.89,-16.207,7.215,869.913,0.05,2238.13
7.32,1281.12,155.081,-16.146,7.164,869.088,0.05,2238.13
7.37,1288.85,154.276,-16.068,7.113,868.266,0.05,2238.13
7.42,1296.54,153.475,-15.978,7.063,867.449,0.05,2238.13
7.47,1304.2,152.678,-15.893,7.012,866.636,0.05,2238.13
7.52,1311.81,151.886,-15.807,6.963,865.827,0.05,2238.13
7.57,1319.38,151.097,-15.739,6.913,865.023,0.05,2238.13
7.62,1326.92,150.311,-15.683,6.864,864.222,0.05,2238.13
7.67,1334.42,149.529,-15.626,6.814,863.426,0.05,2238.13
7.72,1341.87,148.749,-15.554,6.766,862.634,0.05,2238.13
7.77,1349.29,147.973,-15.473,6.717,861.846,0.05,2238.13
7.82,1356.67,147.201,-15.403,6.669,861.062,0.05,2238.13
7.87,1364.01,146.433,-15.334,6.621,860.283,0.05,2238.13
7.92,1371.31,145.668,-15.288,6.573,859.507,0.05,2238.13
7.97,1378.58,144.904,-15.246,6.525,858.736,0.05,2238.13
8.02,1385.81,144.143,-15.203,6.478,857.968,0.05,2238.13
8.07,1392.99,143.384,-15.162,6.431,857.205,0.05,2238.13
8.12,1400.14,142.627,-15.092,6.384,856.445,0.05,2238.13
8.17,1407.26,141.875,-15.011,6.337,855.69,0.05,2238.13
8.22,1414.33,141.126,-14.93,6.291,854.938,0.05,2238.13
8.27,1421.37,140.382,-14.839,6.245,854.191,0.05,2238.13
8.32,1428.37,139.642,-14.759,6.199,853.447,0.05,2238.13
8.37,1435.33,138.906,-14.691,6.153,852.708,0.05,2238.13
8.42,1442.26,138.173,-14.65,6.108,851.972,0.05,2238.13
8.47,1449.15,137.441,-14.627,6.063,851.24,0.05,2238.13
8.52,1456,136.71,-14.597,6.018,850.512,0.05,2238.13
8.57,1462.82,135.981,-14.544,5.973,849.788,0.05,2238.13
8.62,1469.6,135.256,-14.499,5.929,849.068,0.05,2238.13
8.67,1476.35,134.532,-14.454,5.885,848.351,0.05,2238.13
8.72,1483.06,133.811,-14.375,5.841,847.639,0.05,2238.13
8.77,1489.73,133.094,-14.304,5.797,846.93,0.05,2238.13
8.82,1496.37,132.38,-14.238,5.754,846.225,0.05,2238.13
8.87,1502.97,131.67,-14.172,5.71,845.539,0.05,2238.13
8.92,1509.53,130.963,-14.112,5.667,844.875,0.05,2238.13
8.97,1516.06,130.259,-14.062,5.625,844.215,0.05,2238.13
9.02,1522.56,129.557,-14.021,5.582,843.559,0.05,2238.13
9.07,1529.02,128.857,-13.969,5.54,842.906,0.05,2238.13
9.12,1535.44,128.16,-13.926,5.498,842.256,0.05,2238.13
9.17,1541.83,127.464,-13.896,5.456,841.61,0.05,2238.13
9.22,1548.19,126.77,-13.873,5.414,840.968,0.05,2238.13
9.27,1554.51,126.077,-13.845,5.373,840.329,0.05,2238.13
9.32,1560.8,125.386,-13.812,5.332,839.693,0.05,2238.13
9.37,1567.05,124.696,-13.762,5.291,839.061,0.05,2238.13
9.42,1573.27,124.01,-13.698,5.25,838.433,0.05,2238.13
9.47,1579.45,123.326,-13.632,5.209,837.808,0.05,2238.13
9.52,1585.6,122.646,-13.567,5.169,837.186,0.05,2238.13
9.57,1591.71,121.969,-13.507,5.129,836.568,0.05,2238.13
9.62,1597.8,121.296,-13.436,5.089,835.953,0.05,2238.13
9.67,1603.85,120.626,-13.381,5.05,835.342,0.05,2238.13
9.72,1609.86,119.957,-13.351,5.01,834.734,0.05,2238.13
9.77,1615.84,119.291,-13.317,4.971,834.129,0.05,2238.13
9.82,1621.79,118.626,-13.273,4.932,833.528,0.05,2238.13
9.87,1627.7,117.963,-13.253,4.893,832.93,0.05,2238.13
9.92,1633.59,117.3,-13.255,4.855,832.336,0.05,2238.13
9.97,1639.43,116.638,-13.229,4.816,831.744,0.05,2238.13
10.02,1645.25,115.977,-13.194,4.778,831.157,0.05,2238.13
10.07,1651.03,115.319,-13.149,4.74,830.572,0.05,2238.13
10.12,1656.78,114.663,-13.096,4.703,829.991,0.05,2238.13
10.17,1662.5,114.009,-13.054,4.665,829.413,0.05,2238.13
10.22,1668.18,113.357,-13.01,4.628,828.839,0.05,2238.13
10.27,1673.83,112.708,-12.959,4.591,828.267,0.05,2238.13
10.32,1679.45,112.062,-12.888,4.554,827.699,0.05,2238.13
10.37,1685.04,111.419,-12.821,4.518,827.134,0.05,2238.13
10.42,1690.59,110.779,-12.779,4.481,826.573,0.05,2238.13
10.47,1696.12,110.141,-12.734,4.445,826.015,0.05,2238.13
10.52,1701.61,109.506,-12.7,4.409,825.46,0.05,2238.13
10.57,1707.07,108.871,-12.677,4.373,824.908,0.05,2238.13
10.62,1712.5,108.238,-12.658,4.338,824.359,0.05,2238.13
10.67,1717.89,107.606,-12.626,4.302,823.814,0.05,2238.13
10.72,1723.26,106.975,-12.608,4.267,823.271,0.05,2238.13
10.77,1728.59,106.345,-12.602,4.232,822.732,0.05,2238.13
10.82,1733.89,105.715,-12.596,4.198,822.196,0.05,2238.13
10.87,1739.16,105.085,-12.573,4.163,821.664,0.05,2238.13
10.92,1744.4,104.457,-12.553,4.129,821.134,0.05,2238.13
10.97,1749.61,103.83,-12.52,4.095,820.608,0.05,2238.13
11.02,1754.78,103.206,-12.449,4.061,820.085,0.05,2238.13
11.07,1759.93,102.585,-12.384,4.027,819.565,0.05,2238.13
11.12,1765.04,101.967,-12.338,3.994,819.048,0.05,2238.13
11.17,1770.12,101.352,-12.278,3.96,818.534,0.05,2238.13
11.22,1775.18,100.739,-12.238,3.927,818.023,0.05,2238.13
11.27,1780.2,100.128,-12.211,3.894,817.515,0.05,2238.13
11.32,1785.19,99.518,-12.169,3.862,817.011,0.05,2238.13
11.37,1790.15,98.911,-12.137,3.829,816.509,0.05,2238.13
11.42,1795.08,98.305,-12.109,3.797,816.011,0.05,2238.13
11.47,1799.98,97.7,-12.084,3.765,815.516,0.05,2238.13
11.52,1804.85,97.096,-12.07,3.733,815.024,0.05,2238.13
11.57,1809.69,96.493,-12.061,3.701,814.534,0.05,2238.13
11.62,1814.5,95.89,-12.069,3.67,814.048,0.05,2238.13
11.67,1819.28,95.286,-12.075,3.638,813.565,0.05,2238.13
11.72,1824.03,94.683,-12.034,3.607,813.085,0.05,2238.13
11.77,1828.75,94.082,-11.995,3.576,812.608,0.05,2238.13
11.82,1833.44,93.483,-11.958,3.546,812.134,0.05,2238.13
11.87,1838.1,92.886,-11.925,3.515,811.663,0.05,2238.13
11.92,1842.72,92.291,-11.887,3.485,811.195,0.05,2238.13
11.97,1847.33,91.698,-11.852,3.455,810.73,0.05,2238.13
12.02,1851.89,91.106,-11.822,3.425,810.268,0.05,2238.13
12.07,1856.43,90.516,-11.783,3.395,809.809,0.05,2238.13
12.12,1860.95,89.927,-11.746,3.365,809.353,0.05,2238.13
12.17,1865.43,89.341,-11.702,3.336,808.9,0.05,2238.13
12.22,1869.88,88.757,-11.667,3.307,808.45,0.05,2238.13
12.27,1874.3,88.175,-11.631,3.278,808.003,0.05,2238.13
12.32,1878.7,87.594,-11.617,3.249,807.559,0.05,2238.13
12.37,1883.06,87.013,-11.613,3.221,807.117,0.05,2238.13
12.42,1887.4,86.432,-11.596,3.192,806.679,0.05,2238.13
12.47,1891.71,85.853,-11.57,3.164,806.244,0.05,2238.13
12.52,1895.98,85.275,-11.546,3.136,805.811,0.05,2238.13
12.57,1900.23,84.699,-11.516,3.108,805.382,0.05,2238.13
12.62,1904.45,84.124,-11.485,3.08,804.955,0.05,2238.13
12.67,1908.65,83.55,-11.461,3.053,804.531,0.05,2238.13
12.72,1912.81,82.978,-11.432,3.026,804.111,0.05,2238.13
12.77,1916.94,82.407,-11.403,2.999,803.693,0.05,2238.13
12.82,1921.05,81.837,-11.376,2.972,803.278,0.05,2238.13
12.87,1925.13,81.27,-11.333,2.945,802.865,0.05,2238.13
12.92,1929.18,80.704,-11.311,2.918,802.456,0.05,2238.13
12.97,1933.2,80.138,-11.321,2.892,802.05,0.05,2238.13
13.02,1937.19,79.572,-11.332,2.866,801.646,0.05,2238.13
13.07,1941.15,79.005,-11.339,2.84,801.245,0.05,2238.13
13.12,1945.09,78.438,-11.33,2.814,800.847,0.05,2238.13
13.17,1949,77.872,-11.312,2.789,800.452,0.05,2238.13
13.22,1952.88,77.307,-11.299,2.763,800.06,0.05,2238.13
13.27,1956.73,76.742,-11.288,2.738,799.671,0.05,2238.13
13.32,1960.55,76.178,-11.26,2.713,799.284,0.05,2238.13
13.37,1964.35,75.617,-11.199,2.688,798.901,0.05,2238.13
13.42,1968.12,75.058,-11.147,2.663,798.52,0.05,2238.13
13.47,1971.85,74.502,-11.085,2.639,798.142,0.05,2238.13
13.52,1975.57,73.949,-11.04,2.615,797.767,0.05,2238.13
13.57,1979.25,73.398,-11.016,2.59,797.395,0.05,2238.13
13.62,1982.9,72.848,-10.979,2.567,797.025,0.05,2238.13
13.67,1986.53,72.3,-10.948,2.543,796.658,0.05,2238.13
13.72,1990.13,71.753,-10.936,2.519,796.294,0.05,2238.13
13.77,1993.71,71.206,-10.941,2.496,795.933,0.05,2238.13
13.82,1997.26,70.659,-10.938,2.473,795.574,0.05,2238.13
13.87,2000.78,70.112,-10.932,2.449,795.223,0.05,2238.13
13.92,2004.27,69.566,-10.92,2.427,794.887,0.05,2238.13
13.97,2007.73,69.02,-10.911,2.404,794.554,0.05,2238.13
14.02,2011.17,68.474,-10.924,2.381,794.223,0.05,2238.13
14.07,2014.58,67.928,-10.941,2.359,793.895,0.05,2238.13
14.12,2017.96,67.38,-10.948,2.337,793.57,0.05,2238.13
14.17,2021.32,66.833,-10.926,2.315,793.248,0.05,2238.13
14.22,2024.64,66.287,-10.92,2.293,792.928,0.05,2238.13
14.27,2027.94,65.741,-10.917,2.271,792.61,0.05,2238.13
14.32,2031.22,65.196,-10.894,2.25,792.296,0.05,2238.13
14.37,2034.46,64.652,-10.857,2.229,791.983,0.05,2238.13
14.42,2037.68,64.11,-10.809,2.208,791.674,0.05,2238.13
14.47,2040.88,63.571,-10.776,2.187,791.367,0.05,2238.13
14.52,2044.04,63.033,-10.744,2.166,791.063,0.05,2238.13
14.57,2047.18,62.497,-10.702,2.145,790.761,0.05,2238.13
14.62,2050.29,61.962,-10.676,2.125,790.462,0.05,2238.13
14.67,2053.38,61.429,-10.651,2.105,790.165,0.05,2238.13
14.72,2056.43,60.898,-10.614,2.085,789.871,0.05,2238.13
14.77,2059.47,60.368,-10.589,2.065,789.58,0.05,2238.13
14.82,2062.47,59.839,-10.564,2.045,789.291,0.05,2238.13
14.87,2065.45,59.311,-10.54,2.026,789.004,0.05,2238.13
14.92,2068.4,58.785,-10.525,2.006,788.721,0.05,2238.13
14.97,2071.33,58.258,-10.521,1.987,788.439,0.05,2238.13
15.02,2074.23,57.732,-10.519,1.968,788.16,0.05,2238.13
15.07,2077.1,57.207,-10.516,1.949,787.884,0.05,2238.13
15.12,2079.95,56.681,-10.507,1.931,787.61,0.05,2238.13
15.17,2082.77,56.156,-10.494,1.912,787.339,0.05,2238.13
15.22,2085.56,55.631,-10.502,1.894,787.071,0.05,2238.13
15.27,2088.33,55.106,-10.512,1.876,786.804,0.05,2238.13
15.32,2091.07,54.58,-10.537,1.858,786.541,0.05,2238.13
15.37,2093.79,54.052,-10.566,1.84,786.28,0.05,2238.13
15.42,2096.48,53.524,-10.562,1.823,786.021,0.05,2238.13
15.47,2099.14,52.996,-10.558,1.805,785.765,0.05,2238.13
15.52,2101.78,52.468,-10.556,1.788,785.511,0.05,2238.13
15.57,2104.39,51.94,-10.546,1.771,785.261,0.05,2238.13
15.62,2106.97,51.413,-10.546,1.754,785.012,0.05,2238.13
15.67,2109.53,50.886,-10.527,1.737,784.766,0.05,2238.13
15.72,2112.06,50.36,-10.52,1.72,784.523,0.05,2238.13
15.77,2114.57,49.834,-10.52,1.704,784.282,0.05,2238.13
15.82,2117.05,49.308,-10.486,1.688,784.044,0.05,2238.13
15.87,2119.5,48.786,-10.434,1.672,783.808,0.05,2238.13
15.92,2121.92,48.265,-10.407,1.656,783.575,0.05,2238.13
15.97,2124.32,47.745,-10.372,1.64,783.344,0.05,2238.13
16.02,2126.7,47.228,-10.326,1.625,783.116,0.05,2238.13
16.07,2129.05,46.712,-10.281,1.609,782.89,0.05,2238.13
16.12,2131.37,46.2,-10.234,1.594,782.667,0.05,2238.13
16.17,2133.67,45.689,-10.185,1.579,782.446,0.05,2238.13
16.22,2135.94,45.181,-10.15,1.564,782.227,0.05,2238.13
16.27,2138.18,44.674,-10.122,1.549,782.011,0.05,2238.13
16.32,2140.41,44.169,-10.101,1.535,781.798,0.05,2238.13
16.37,2142.6,43.664,-10.087,1.52,781.587,0.05,2238.13
16.42,2144.77,43.16,-10.079,1.506,781.378,0.05,2238.13
16.47,2146.92,42.656,-10.085,1.492,781.172,0.05,2238.13
16.52,2149.04,42.151,-10.092,1.478,780.968,0.05,2238.13
16.57,2151.13,41.646,-10.098,1.465,780.766,0.05,2238.13
16.62,2153.2,41.141,-10.098,1.451,780.567,0.05,2238.13
16.67,2155.25,40.637,-10.089,1.438,780.371,0.05,2238.13
16.72,2157.27,40.132,-10.098,1.424,780.177,0.05,2238.13
16.77,2159.26,39.627,-10.115,1.411,779.985,0.05,2238.13
16.82,2161.23,39.121,-10.125,1.398,779.796,0.05,2238.13
16.87,2163.17,38.614,-10.132,1.386,779.609,0.05,2238.13
16.92,2165.09,38.108,-10.139,1.373,779.424,0.05,2238.13
16.97,2166.98,37.601,-10.154,1.361,779.242,0.05,2238.13
17.02,2168.85,37.092,-10.194,1.348,779.063,0.05,2238.13
17.07,2170.69,36.581,-10.209,1.336,778.886,0.05,2238.13
17.12,2172.51,36.071,-10.216,1.325,778.711,0.05,2238.13
17.17,2174.3,35.56,-10.237,1.313,778.539,0.05,2238.13
17.22,2176.06,35.047,-10.239,1.301,778.369,0.05,2238.13
17.27,2177.8,34.536,-10.214,1.29,778.202,0.05,2238.13
17.32,2179.52,34.026,-10.215,1.279,778.037,0.05,2238.13
17.37,2181.21,33.515,-10.2,1.268,777.875,0.05,2238.13
17.42,2182.87,33.006,-10.184,1.257,777.715,0.05,2238.13
17.47,2184.51,32.496,-10.178,1.246,777.558,0.05,2238.13
17.52,2186.12,31.988,-10.149,1.235,777.403,0.05,2238.13
17.57,2187.71,31.481,-10.132,1.225,777.25,0.05,2238.13
17.62,2189.27,30.975,-10.124,1.215,777.1,0.05,2238.13
17.67,2190.8,30.469,-10.099,1.205,776.952,0.05,2238.13
17.72,2192.31,29.965,-10.067,1.195,776.807,0.05,2238.13
17.77,2193.8,29.463,-10.034,1.185,776.664,0.05,2238.13
17.82,2195.26,28.962,-10.006,1.175,776.524,0.05,2238.13
17.87,2196.7,28.462,-9.989,1.166,776.386,0.05,2238.13
17.92,2198.11,27.963,-9.976,1.157,776.25,0.05,2238.13
17.97,2199.49,27.464,-9.959,1.148,776.117,0.05,2238.13
18.02,2200.85,26.967,-9.944,1.139,775.986,0.05,2238.13
18.07,2202.19,26.47,-9.922,1.13,775.858,0.05,2238.13
18.12,2203.5,25.975,-9.893,1.122,775.732,0.05,2238.13
18.17,2204.79,25.481,-9.878,1.113,775.608,0.05,2238.13
18.22,2206.05,24.986,-9.88,1.105,775.487,0.05,2238.13
18.27,2207.28,24.493,-9.863,1.097,775.368,0.05,2238.13
18.32,2208.5,24,-9.851,1.089,775.251,0.05,2238.13
18.37,2209.68,23.508,-9.853,1.081,775.137,0.05,2238.13
18.42,2210.85,23.015,-9.854,1.073,775.025,0.05,2238.13
18.47,2211.99,22.522,-9.855,1.066,774.916,0.05,2238.13
18.52,2213.1,22.029,-9.856,1.059,774.809,0.05,2238.13
18.57,2214.19,21.537,-9.837,1.051,774.704,0.05,2238.13
18.62,2215.25,21.046,-9.815,1.045,774.601,0.05,2238.13
18.67,2216.29,20.555,-9.796,1.038,774.501,0.05,2238.13
18.72,2217.31,20.066,-9.769,1.031,774.404,0.05,2238.13
18.77,2218.3,19.579,-9.738,1.025,774.309,0.05,2238.13
18.82,2219.27,19.092,-9.736,1.018,774.216,0.05,2238.13
18.87,2220.21,18.605,-9.733,1.012,774.125,0.05,2238.13
18.92,2221.13,18.119,-9.722,1.006,774.037,0.05,2238.13
18.97,2222.02,17.632,-9.729,1,773.951,0.05,2238.13
19.02,2222.89,17.146,-9.737,0.994,773.867,0.05,2238.13
19.07,2223.74,16.659,-9.744,0.989,773.786,0.05,2238.13
19.12,2224.56,16.171,-9.756,0.984,773.707,0.05,2238.13
19.17,2225.35,15.683,-9.751,0.978,773.63,0.05,2238.13
19.22,2226.13,15.196,-9.74,0.973,773.556,0.05,2238.13
19.27,2226.87,14.709,-9.738,0.968,773.484,0.05,2238.13
19.32,2227.6,14.223,-9.716,0.964,773.415,0.05,2238.13
19.37,2228.3,13.738,-9.697,0.959,773.348,0.05,2238.13
19.42,2228.97,13.253,-9.684,0.955,773.283,0.05,2238.13
19.47,2229.62,12.769,-9.668,0.95,773.22,0.05,2238.13
19.52,2230.25,12.286,-9.668,0.946,773.16,0.05,2238.13
19.57,2230.85,11.803,-9.656,0.942,773.102,0.05,2238.13
19.62,2231.43,11.32,-9.648,0.939,773.046,0.05,2238.13
19.67,2231.98,10.838,-9.634,0.935,772.993,0.05,2238.13
19.72,2232.51,10.357,-9.608,0.931,772.942,0.05,2238.13
19.77,2233.02,9.877,-9.594,0.928,772.894,0.05,2238.13
19.82,2233.5,9.397,-9.606,0.925,772.847,0.05,2238.13
19.87,2233.96,8.916,-9.62,0.922,772.803,0.05,2238.13
19.92,2234.39,8.436,-9.611,0.919,772.762,0.05,2238.13
19.97,2234.8,7.955,-9.604,0.916,772.722,0.05,2238.13
20.02,2235.19,7.475,-9.595,0.914,772.685,0.05,2238.13
20.07,2235.55,6.996,-9.583,0.912,772.65,0.05,2238.13
20.12,2235.89,6.517,-9.554,0.909,772.618,0.05,2238.13
20.17,2236.2,6.04,-9.517,0.907,772.588,0.05,2238.13
20.22,2236.49,5.565,-9.49,0.905,772.56,0.05,2238.13
20.27,2236.76,5.092,-9.459,0.904,772.534,0.05,2238.13
20.32,2237,4.619,-9.434,0.902,772.511,0.05,2238.13
20.37,2237.22,4.148,-9.42,0.901,772.49,0.05,2238.13
20.42,2237.41,3.677,-9.422,0.899,772.471,0.05,2238.13
20.47,2237.59,3.206,-9.429,0.898,772.454,0.05,2238.13
20.52,2237.73,2.735,-9.403,0.897,772.44,0.05,2238.13
20.57,2237.86,2.266,-9.37,0.896,772.428,0.05,2238.13
20.62,2237.96,1.797,-9.365,0.896,772.418,0.05,2238.13
20.67,2238.04,1.329,-9.361,0.895,772.411,0.05,2238.13
20.72,2238.09,0.861,-9.326,0.895,772.406,0.05,2238.13
20.77,2238.12,0.397,-9.283,0.895,772.403,0.05,2238.13
# Event APOGEE occurred at t=20.82 seconds
20.82,2238.13,-0.067,-9.276,0.895,772.402,0.05,2238.13
20.87,2238.12,-0.531,-9.249,0.895,772.403,0.05,2238.13
20.92,2238.08,-0.992,-9.213,0.895,772.407,0.05,2238.13
20.97,2238.02,-1.452,-9.166,0.895,772.413,0.05,2238.13
21.02,2237.93,-1.908,-9.084,0.896,772.421,0.05,2238.13
21.07,2237.83,-2.361,-9.041,0.897,772.431,0.05,2238.13
21.12,2237.7,-2.813,-9.018,0.897,772.443,0.05,2238.13
21.17,2237.55,-3.262,-8.944,0.898,772.458,0.05,2238.13
21.22,2237.37,-3.707,-8.86,0.9,772.475,0.05,2238.13
21.27,2237.18,-4.148,-8.786,0.901,772.494,0.05,2238.13
21.32,2236.96,-4.586,-8.73,0.902,772.515,0.05,2238.13
21.37,2236.72,-5.021,-8.676,0.904,772.538,0.05,2238.13
21.42,2236.46,-5.453,-8.606,0.906,772.563,0.05,2238.13
21.47,2236.17,-5.882,-8.542,0.907,772.59,0.05,2238.13
21.52,2235.87,-6.307,-8.459,0.909,772.62,0.05,2238.13
21.57,2235.54,-6.728,-8.37,0.912,772.651,0.05,2238.13
21.62,2235.2,-7.147,-8.644,0.914,772.684,0.05,2238.13
21.67,2234.83,-7.576,-8.535,0.916,772.72,0.05,2238.13
21.72,2234.44,-8,-8.418,0.919,772.757,0.05,2238.13
21.77,2234.03,-8.418,-8.282,0.922,772.796,0.05,2238.13
# Event RECOVERY_DEVICE_DEPLOYMENT occurred at t=21.82 seconds
21.82,2233.6,-8.828,-8.168,0.924,772.838,0.05,2238.13
21.826,2233.54,-8.855,-4.386,0.924,772.838,0.006,2238.13
21.904,2232.84,-9.196,-4.389,0.925,772.843,0.078,2238.13
22.043,2231.52,-9.794,-4.3,0.929,772.91,0.139,2238.13
22.217,2229.75,-10.508,-4.091,0.938,773.038,0.174,2238.13
22.39,2227.88,-11.176,-3.864,0.95,773.208,0.173,2238.13
22.708,2224.15,-12.262,-3.414,0.962,773.388,0.318,2238.13
23.052,2219.79,-13.135,-2.544,0.986,773.746,0.344,2238.13
23.375,2215.43,-13.773,-1.97,1.015,774.166,0.324,2238.13
23.848,2208.76,-14.432,-1.393,1.043,774.584,0.473,2238.13
24.294,2202.25,-14.814,-0.857,1.087,775.226,0.445,2238.13
24.794,2194.78,-15.053,-0.478,1.13,775.852,0.5,2238.13
25.294,2187.22,-15.18,-0.255,1.179,776.57,0.5,2238.13
25.794,2179.62,-15.238,-0.116,1.228,777.296,0.5,2238.13
26.294,2172,-15.257,-0.038,1.278,778.028,0.5,2238.13
26.794,2164.37,-15.259,-0.005,1.328,778.761,0.5,2238.13
27.294,2156.74,-15.256,0.005,1.378,779.494,0.5,2238.13
27.794,2149.11,-15.252,0.009,1.428,780.227,0.5,2238.13
28.294,2141.49,-15.242,0.02,1.478,780.961,0.5,2238.13
28.794,2133.87,-15.228,0.027,1.528,781.694,0.5,2238.13
29.294,2126.26,-15.23,-0.003,1.578,782.426,0.5,2238.13
29.794,2118.64,-15.226,0.007,1.628,783.158,0.5,2238.13
30.294,2111.03,-15.223,0.007,1.677,783.89,0.5,2238.13
30.794,2103.42,-15.215,0.015,1.727,784.622,0.5,2238.13
31.294,2095.82,-15.207,0.016,1.777,785.354,0.5,2238.13
31.794,2088.21,-15.194,0.025,1.827,786.085,0.5,2238.13
32.278,2080.85,-15.194,0.001,1.877,786.816,0.484,2238.13
32.778,2073.26,-15.193,0.001,1.925,787.523,0.5,2238.13
33.278,2065.66,-15.188,0.012,1.975,788.254,0.5,2238.13
33.778,2058.07,-15.184,0.007,2.024,788.984,0.5,2238.13
34.278,2050.48,-15.179,0.01,2.074,789.714,0.5,2238.13
34.778,2042.89,-15.171,0.017,2.124,790.444,0.5,2238.13
35.278,2035.31,-15.167,0.008,2.174,791.173,0.5,2238.13
35.778,2027.72,-15.161,0.012,2.223,791.902,0.5,2238.13
36.278,2020.15,-15.155,0.012,2.273,792.631,0.5,2238.13
36.778,2012.57,-15.15,0.01,2.323,793.36,0.5,2238.13
37.278,2005,-15.142,0.016,2.372,794.089,0.5,2238.13
37.778,1997.43,-15.137,0.009,2.422,794.817,0.5,2238.13
38.278,1989.86,-15.121,0.034,2.471,795.557,0.5,2238.13
38.725,1983.1,-15.12,0.001,2.521,796.322,0.447,2238.13
39.225,1975.54,-15.117,0.006,2.565,797.005,0.5,2238.13
39.725,1967.98,-15.113,0.007,2.615,797.769,0.5,2238.13
40.225,1960.43,-15.105,0.016,2.664,798.533,0.5,2238.13
40.725,1952.88,-15.103,0.005,2.714,799.297,0.5,2238.13
41.225,1945.33,-15.095,0.015,2.763,800.06,0.5,2238.13
41.725,1937.78,-15.093,0.005,2.813,800.824,0.5,2238.13
42.225,1930.23,-15.087,0.01,2.862,801.586,0.5,2238.13
42.725,1922.69,-15.082,0.011,2.912,802.349,0.5,2238.13
43.225,1915.15,-15.072,0.02,2.961,803.112,0.5,2238.13
43.725,1907.62,-15.066,0.011,3.01,803.874,0.5,2238.13
44.225,1900.09,-15.064,0.005,3.06,804.635,0.5,2238.13
44.725,1892.56,-15.059,0.009,3.109,805.397,0.5,2238.13
45.225,1885.03,-15.053,0.013,3.158,806.158,0.5,2238.13
45.725,1877.51,-15.033,0.039,3.208,806.919,0.5,2238.13
46.225,1869.99,-15.036,-0.007,3.257,807.679,0.5,2238.13
46.725,1862.47,-15.032,0.009,3.306,808.439,0.5,2238.13
47.225,1854.96,-15.029,0.006,3.355,809.199,0.5,2238.13
47.725,1847.44,-15.018,0.021,3.405,809.959,0.5,2238.13
48.225,1839.94,-15.017,0.003,3.454,810.718,0.5,2238.13
48.725,1832.43,-15.011,0.011,3.503,811.477,0.5,2238.13
49.225,1824.92,-15.007,0.008,3.552,812.236,0.5,2238.13
49.725,1817.42,-15.001,0.013,3.601,812.994,0.5,2238.13
50.225,1809.92,-14.995,0.012,3.651,813.753,0.5,2238.13
50.725,1802.43,-14.991,0.009,3.7,814.511,0.5,2238.13
51.225,1794.93,-14.98,0.021,3.749,815.268,0.5,2238.13
51.725,1787.44,-14.977,0.006,3.798,816.026,0.5,2238.13
52.225,1779.96,-14.972,0.011,3.847,816.783,0.5,2238.13
52.725,1772.47,-14.968,0.008,3.896,817.54,0.5,2238.13
53.225,1764.99,-14.963,0.01,3.945,818.296,0.5,2238.13
53.725,1757.51,-14.957,0.011,3.994,819.053,0.5,2238.13
54.225,1750.03,-14.952,0.011,4.043,819.809,0.5,2238.13
54.725,1742.56,-14.946,0.011,4.092,820.565,0.5,2238.13
55.225,1735.09,-14.938,0.016,4.141,821.32,0.5,2238.13
55.725,1727.62,-14.935,0.008,4.19,822.075,0.5,2238.13
56.225,1720.15,-14.923,0.023,4.239,822.83,0.5,2238.13
56.725,1712.69,-14.922,0.003,4.288,823.585,0.5,2238.13
57.225,1705.23,-14.915,0.013,4.337,824.339,0.5,2238.13
57.725,1697.78,-14.91,0.01,4.385,825.093,0.5,2238.13
58.225,1690.32,-14.906,0.007,4.434,825.847,0.5,2238.13
58.725,1682.87,-14.893,0.026,4.483,826.6,0.5,2238.13
59.225,1675.43,-14.893,0,4.532,827.353,0.5,2238.13
59.725,1667.98,-14.89,0.006,4.581,828.106,0.5,2238.13
60.225,1660.54,-14.886,0.009,4.629,828.859,0.5,2238.13
60.725,1653.1,-14.88,0.01,4.678,829.611,0.5,2238.13
61.225,1645.66,-14.874,0.013,4.727,830.363,0.5,2238.13
61.725,1638.22,-14.865,0.016,4.776,831.115,0.5,2238.13
62.225,1630.79,-14.863,0.006,4.824,831.867,0.5,2238.13
62.725,1623.36,-14.858,0.009,4.873,832.618,0.5,2238.13
63.225,1615.93,-14.852,0.013,4.922,833.369,0.5,2238.13
63.725,1608.51,-14.831,0.042,4.97,834.12,0.5,2238.13
64.135,1602.43,-14.832,-0.004,5.019,834.87,0.41,2238.13
64.635,1595.02,-14.821,0.023,5.059,835.485,0.5,2238.13
65.135,1587.61,-14.827,-0.012,5.107,836.234,0.5,2238.13
65.635,1580.19,-14.825,0.004,5.156,836.983,0.5,2238.13
66.135,1572.78,-14.821,0.008,5.204,837.733,0.5,2238.13
66.635,1565.37,-14.816,0.009,5.253,838.482,0.5,2238.13
67.135,1557.96,-14.809,0.014,5.302,839.231,0.5,2238.13
67.635,1550.56,-14.805,0.009,5.35,839.98,0.5,2238.13
68.135,1543.16,-14.795,0.019,5.399,840.728,0.5,2238.13
68.635,1535.77,-14.789,0.013,5.447,841.476,0.5,2238.13
69.135,1528.37,-14.788,0.001,5.496,842.224,0.5,2238.13
69.635,1520.98,-14.782,0.012,5.544,842.971,0.5,2238.13
70.135,1513.59,-14.779,0.007,5.592,843.718,0.5,2238.13
70.635,1506.2,-14.768,0.021,5.641,844.465,0.5,2238.13
71.135,1498.82,-14.765,0.006,5.689,845.212,0.5,2238.13
71.635,1491.44,-14.761,0.008,5.738,845.964,0.5,2238.13
72.135,1484.06,-14.758,0.006,5.786,846.748,0.5,2238.13
72.635,1476.68,-14.752,0.01,5.834,847.532,0.5,2238.13
73.135,1469.31,-14.747,0.011,5.883,848.316,0.5,2238.13
73.635,1461.93,-14.742,0.01,5.931,849.099,0.5,2238.13
74.135,1454.56,-14.736,0.012,5.979,849.882,0.5,2238.13
74.635,1447.2,-14.729,0.013,6.027,850.665,0.5,2238.13
75.135,1439.83,-14.721,0.017,6.076,851.447,0.5,2238.13
75.635,1432.47,-14.717,0.008,6.124,852.229,0.5,2238.13
76.135,1425.12,-14.713,0.008,6.172,853.011,0.5,2238.13
76.635,1417.76,-14.702,0.021,6.22,853.793,0.5,2238.13
77.135,1410.41,-14.702,0.001,6.268,854.574,0.5,2238.13
77.635,1403.06,-14.698,0.008,6.317,855.354,0.5,2238.13
78.135,1395.72,-14.692,0.012,6.365,856.135,0.5,2238.13
78.635,1388.37,-14.684,0.015,6.413,856.915,0.5,2238.13
79.135,1381.03,-14.68,0.01,6.461,857.695,0.5,2238.13
79.635,1373.69,-14.676,0.008,6.509,858.475,0.5,2238.13
80.135,1366.36,-14.669,0.013,6.557,859.255,0.5,2238.13
80.635,1359.02,-14.665,0.009,6.605,860.034,0.5,2238.13
81.135,1351.69,-14.66,0.01,6.653,860.813,0.5,2238.13
81.635,1344.36,-14.655,0.01,6.701,861.591,0.5,2238.13
82.135,1337.04,-14.65,0.01,6.749,862.37,0.5,2238.13
82.635,1329.71,-14.645,0.01,6.797,863.148,0.5,2238.13
83.135,1322.39,-14.634,0.02,6.845,863.926,0.5,2238.13
83.635,1315.08,-14.629,0.011,6.893,864.703,0.5,2238.13
84.135,1307.77,-14.62,0.017,6.941,865.48,0.5,2238.13
84.635,1300.45,-14.618,0.004,6.989,866.257,0.5,2238.13
85.135,1293.15,-14.615,0.006,7.037,867.033,0.5,2238.13
85.635,1285.84,-14.612,0.007,7.085,867.81,0.5,2238.13
86.135,1278.54,-14.606,0.011,7.133,868.586,0.5,2238.13
86.635,1271.23,-14.6,0.012,7.181,869.362,0.5,2238.13
87.135,1263.94,-14.591,0.018,7.228,870.137,0.5,2238.13
87.635,1256.64,-14.582,0.019,7.276,870.912,0.5,2238.13
88.135,1249.35,-14.583,-0.002,7.324,871.687,0.5,2238.13
88.635,1242.06,-14.58,0.005,7.372,872.461,0.5,2238.13
89.135,1234.77,-14.574,0.011,7.419,873.236,0.5,2238.13
89.635,1227.49,-14.566,0.018,7.467,874.01,0.5,2238.13
90.135,1220.2,-14.563,0.006,7.515,874.784,0.5,2238.13
90.635,1212.92,-14.557,0.011,7.563,875.557,0.5,2238.13
91.135,1205.65,-14.552,0.01,7.61,876.33,0.5,2238.13
91.635,1198.37,-14.548,0.008,7.658,877.103,0.5,2238.13
92.135,1191.1,-14.543,0.011,7.706,877.876,0.5,2238.13
92.635,1183.83,-14.539,0.008,7.753,878.648,0.5,2238.13
93.135,1176.56,-14.532,0.013,7.801,879.421,0.5,2238.13
93.635,1169.3,-14.529,0.007,7.848,880.193,0.5,2238.13
94.135,1162.03,-14.524,0.009,7.896,880.964,0.5,2238.13
94.635,1154.77,-14.519,0.011,7.944,881.736,0.5,2238.13
95.135,1147.52,-14.514,0.009,7.991,882.507,0.5,2238.13
95.635,1140.26,-14.507,0.013,8.039,883.278,0.5,2238.13
96.135,1133.01,-14.504,0.008,8.086,884.048,0.5,2238.13
96.635,1125.76,-14.498,0.01,8.134,884.819,0.5,2238.13
97.135,1118.51,-14.494,0.01,8.181,885.589,0.5,2238.13
97.635,1111.26,-14.483,0.021,8.229,886.359,0.5,2238.13
98.135,1104.02,-14.481,0.005,8.276,887.128,0.5,2238.13
98.635,1096.78,-14.475,0.012,8.324,887.897,0.5,2238.13
99.135,1089.55,-14.465,0.02,8.371,888.666,0.5,2238.13
99.635,1082.32,-14.465,-0.001,8.418,889.434,0.5,2238.13
100.135,1075.09,-14.457,0.016,8.466,890.203,0.5,2238.13
100.635,1067.86,-14.453,0.008,8.513,890.971,0.5,2238.13
101.135,1060.63,-14.451,0.004,8.561,891.738,0.5,2238.13
101.635,1053.41,-14.447,0.007,8.608,892.506,0.5,2238.13
102.135,1046.19,-14.442,0.01,8.655,893.273,0.5,2238.13
102.635,1038.97,-14.434,0.017,8.703,894.04,0.5,2238.13
103.135,1031.75,-14.428,0.011,8.75,894.807,0.5,2238.13
103.635,1024.54,-14.421,0.014,8.797,895.573,0.5,2238.13
104.135,1017.33,-14.42,0.001,8.844,896.34,0.5,2238.13
104.635,1010.12,-14.414,0.013,8.892,897.105,0.5,2238.13
105.135,1002.91,-14.412,0.004,8.939,897.871,0.5,2238.13
105.635,995.71,-14.401,0.022,8.986,898.636,0.5,2238.13
106.135,988.51,-14.398,0.005,9.033,899.424,0.5,2238.13
106.635,981.313,-14.393,0.01,9.08,900.227,0.5,2238.13
107.135,974.116,-14.392,0.003,9.127,901.03,0.5,2238.13
107.635,966.921,-14.388,0.009,9.175,901.833,0.5,2238.13
108.135,959.73,-14.379,0.017,9.222,902.635,0.5,2238.13
108.635,952.541,-14.377,0.006,9.269,903.438,0.5,2238.13
109.135,945.353,-14.373,0.008,9.316,904.24,0.5,2238.13
109.635,938.169,-14.366,0.014,9.363,905.041,0.5,2238.13
110.135,930.988,-14.358,0.015,9.41,905.843,0.5,2238.13
110.635,923.809,-14.356,0.004,9.457,906.643,0.5,2238.13
111.135,916.634,-14.345,0.023,9.504,907.444,0.5,2238.13
111.635,909.462,-14.343,0.002,9.551,908.245,0.5,2238.13
112.135,902.291,-14.341,0.005,9.598,909.044,0.5,2238.13
112.635,895.122,-14.336,0.01,9.645,909.844,0.5,2238.13
113.135,887.955,-14.33,0.012,9.692,910.644,0.5,2238.13
113.635,880.792,-14.322,0.016,9.739,911.443,0.5,2238.13
114.135,873.632,-14.318,0.008,9.786,912.242,0.5,2238.13
114.635,866.475,-14.313,0.011,9.833,913.041,0.5,2238.13
115.135,859.319,-14.309,0.006,9.88,913.839,0.5,2238.13
115.635,852.165,-14.305,0.008,9.927,914.637,0.5,2238.13
116.135,845.014,-14.3,0.01,9.973,915.435,0.5,2238.13
116.635,837.865,-14.296,0.008,10.02,916.233,0.5,2238.13
117.135,830.719,-14.285,0.022,10.067,917.03,0.5,2238.13
117.635,823.578,-14.281,0.008,10.114,917.827,0.5,2238.13
118.135,816.44,-14.272,0.017,10.161,918.624,0.5,2238.13
118.635,809.303,-14.273,-0,10.207,919.42,0.5,2238.13
119.135,802.168,-14.27,0.005,10.254,920.216,0.5,2238.13
119.635,795.034,-14.265,0.01,10.301,921.012,0.5,2238.13
120.135,787.902,-14.261,0.009,10.348,921.808,0.5,2238.13
120.635,780.773,-14.256,0.009,10.394,922.603,0.5,2238.13
121.135,773.647,-14.25,0.012,10.441,923.399,0.5,2238.13
121.635,766.523,-14.246,0.009,10.488,924.193,0.5,2238.13
122.135,759.401,-14.241,0.009,10.534,924.988,0.5,2238.13
122.635,752.285,-14.222,0.038,10.581,925.782,0.5,2238.13
123.135,745.173,-14.227,-0.01,10.628,926.576,0.5,2238.13
123.635,738.06,-14.223,0.008,10.674,927.369,0.5,2238.13
124.135,730.949,-14.221,0.005,10.721,928.163,0.5,2238.13
124.635,723.841,-14.213,0.016,10.767,928.956,0.5,2238.13
125.135,716.736,-14.207,0.012,10.814,929.749,0.5,2238.13
125.635,709.634,-14.197,0.019,10.861,930.541,0.5,2238.13
126.135,702.535,-14.199,-0.003,10.907,931.333,0.5,2238.13
126.635,695.437,-14.195,0.008,10.954,932.125,0.5,2238.13
127.135,688.34,-14.192,0.006,11,932.917,0.5,2238.13
127.635,681.245,-14.188,0.008,11.047,933.709,0.5,2238.13
128.135,674.154,-14.178,0.02,11.093,934.5,0.5,2238.13
128.635,667.066,-14.176,0.004,11.14,935.291,0.5,2238.13
129.135,659.978,-14.173,0.006,11.186,936.081,0.5,2238.13
129.635,652.893,-14.169,0.008,11.232,936.872,0.5,2238.13
130.135,645.811,-14.161,0.015,11.279,937.662,0.5,2238.13
130.635,638.731,-14.158,0.005,11.325,938.452,0.5,2238.13
131.135,631.653,-14.154,0.008,11.372,939.242,0.5,2238.13
131.635,624.578,-14.145,0.019,11.418,940.031,0.5,2238.13
132.135,617.507,-14.138,0.012,11.464,940.821,0.5,2238.13
132.635,610.442,-14.125,0.026,11.511,941.609,0.5,2238.13
133.135,603.378,-14.129,-0.008,11.557,942.397,0.5,2238.13
133.635,596.315,-14.121,0.017,11.603,943.185,0.5,2238.13
134.135,589.255,-14.121,-0,11.649,943.973,0.5,2238.13
134.635,582.195,-14.119,0.005,11.696,944.761,0.5,2238.13
135.135,575.136,-14.115,0.006,11.742,945.548,0.5,2238.13
135.635,568.08,-14.111,0.01,11.788,946.335,0.5,2238.13
136.135,561.025,-14.106,0.008,11.834,947.122,0.5,2238.13
136.635,553.973,-14.102,0.009,11.881,947.909,0.5,2238.13
137.135,546.924,-14.096,0.011,11.927,948.696,0.5,2238.13
137.635,539.878,-14.086,0.02,11.973,949.482,0.5,2238.13
138.135,532.835,-14.085,0.003,12.019,950.268,0.5,2238.13
138.635,525.793,-14.083,0.005,12.065,951.054,0.5,2238.13
139.135,518.753,-14.077,0.01,12.111,951.839,0.5,2238.13
139.635,511.715,-14.074,0.008,12.157,952.624,0.5,2238.13
140.135,504.68,-14.069,0.009,12.204,953.409,0.5,2238.13
140.635,497.647,-14.064,0.011,12.25,954.194,0.5,2238.13
141.135,490.618,-14.053,0.021,12.296,954.992,0.5,2238.13
141.635,483.591,-14.053,-0,12.342,955.814,0.5,2238.13
142.135,476.565,-14.049,0.008,12.388,956.637,0.5,2238.13
142.635,469.542,-14.043,0.013,12.434,957.459,0.5,2238.13
143.135,462.522,-14.039,0.008,12.48,958.282,0.5,2238.13
143.635,455.504,-14.033,0.012,12.526,959.104,0.5,2238.13
# Event RECOVERY_DEVICE_DEPLOYMENT occurred at t=143.636 seconds
144.135,448.488,-14.029,0.007,12.572,959.925,0.5,2238.13
144.145,448.349,-13.529,49.495,12.618,960.746,0.01,2238.13
144.148,448.316,-13.419,45.345,12.619,960.763,0.002,2238.13
144.151,448.28,-13.298,44.449,12.619,960.767,0.003,2238.13
144.153,448.243,-13.177,43.477,12.619,960.771,0.003,2238.13
144.156,448.205,-13.054,42.508,12.619,960.775,0.003,2238.13
144.159,448.166,-12.93,41.54,12.62,960.78,0.003,2238.13
144.162,448.127,-12.806,40.572,12.62,960.784,0.003,2238.13
144.166,448.086,-12.68,39.605,12.62,960.789,0.003,2238.13
144.169,448.045,-12.552,38.638,12.62,960.793,0.003,2238.13
144.172,448.002,-12.424,37.673,12.621,960.798,0.003,2238.13
144.176,447.959,-12.295,36.708,12.621,960.803,0.004,2238.13
144.179,447.914,-12.164,35.744,12.621,960.808,0.004,2238.13
144.183,447.868,-12.032,34.78,12.621,960.814,0.004,2238.13
144.187,447.821,-11.898,33.818,12.622,960.819,0.004,2238.13
144.191,447.772,-11.763,32.857,12.622,960.825,0.004,2238.13
144.196,447.722,-11.627,31.896,12.622,960.83,0.004,2238.13
144.2,447.671,-11.489,30.937,12.623,960.836,0.004,2238.13
144.205,447.618,-11.35,29.978,12.623,960.842,0.005,2238.13
144.209,447.563,-11.209,29.022,12.623,960.848,0.005,2238.13
144.215,447.506,-11.067,28.067,12.624,960.855,0.005,2238.13
144.22,447.448,-10.923,27.113,12.624,960.861,0.005,2238.13
144.225,447.388,-10.777,26.161,12.625,960.868,0.006,2238.13
144.231,447.325,-10.63,25.21,12.625,960.875,0.006,2238.13
144.237,447.26,-10.48,24.261,12.625,960.883,0.006,2238.13
144.244,447.192,-10.329,23.313,12.626,960.89,0.006,2238.13
144.251,447.122,-10.176,22.368,12.626,960.898,0.007,2238.13
144.258,447.049,-10.02,21.423,12.627,960.906,0.007,2238.13
144.266,446.973,-9.863,20.478,12.627,960.915,0.008,2238.13
144.274,446.893,-9.704,19.538,12.628,960.924,0.008,2238.13
144.283,446.81,-9.543,18.6,12.628,960.933,0.009,2238.13
144.292,446.722,-9.38,17.664,12.629,960.943,0.009,2238.13
144.302,446.63,-9.214,16.731,12.629,960.953,0.01,2238.13
144.312,446.533,-9.046,15.801,12.63,960.964,0.011,2238.13
144.324,446.431,-8.876,14.874,12.631,960.975,0.011,2238.13
144.336,446.322,-8.703,13.954,12.631,960.987,0.012,2238.13
144.35,446.206,-8.528,13.038,12.632,961,0.013,2238.13
144.364,446.082,-8.35,12.127,12.633,961.014,0.015,2238.13
144.38,445.954,-8.176,11.217,12.633,961.028,0.015,2238.13
144.397,445.816,-7.999,10.349,12.634,961.043,0.017,2238.13
144.416,445.666,-7.819,9.488,12.635,961.059,0.019,2238.13
144.438,445.495,-7.629,8.63,12.636,961.077,0.022,2238.13
144.462,445.31,-7.438,7.744,12.637,961.097,0.025,2238.13
144.491,445.101,-7.243,6.88,12.639,961.118,0.028,2238.13
144.524,444.868,-7.046,6.015,12.64,961.143,0.033,2238.13
144.562,444.599,-6.846,5.168,12.641,961.17,0.039,2238.13
144.608,444.288,-6.646,4.333,12.643,961.202,0.046,2238.13
144.665,443.916,-6.447,3.519,12.645,961.238,0.057,2238.13
144.734,443.479,-6.258,2.735,12.648,961.282,0.069,2238.13
144.816,442.971,-6.091,2.034,12.651,961.333,0.082,2238.13
144.947,442.185,-5.906,1.409,12.654,961.392,0.131,2238.13
145.075,441.436,-5.814,0.724,12.659,961.484,0.128,2238.13
145.415,439.484,-5.677,0.402,12.664,961.572,0.34,2238.13
145.899,436.724,-5.712,-0.071,12.677,961.801,0.485,2238.13
146.399,433.877,-5.678,0.068,12.695,962.124,0.5,2238.13
146.651,432.451,-5.671,0.027,12.713,962.457,0.251,2238.13
147.151,429.611,-5.69,-0.037,12.723,962.624,0.5,2238.13
147.651,426.763,-5.7,-0.021,12.741,962.956,0.5,2238.13
148.151,423.915,-5.692,0.018,12.76,963.29,0.5,2238.13
148.651,421.069,-5.694,-0.005,12.779,963.623,0.5,2238.13
149.151,418.223,-5.688,0.011,12.797,963.956,0.5,2238.13
149.651,415.38,-5.685,0.006,12.816,964.289,0.5,2238.13
149.92,413.851,-5.672,0.05,12.835,964.622,0.269,2238.13
150.117,412.734,-5.685,-0.067,12.845,964.801,0.197,2238.13
150.369,411.299,-5.679,0.022,12.852,964.932,0.253,2238.13
150.664,409.623,-5.691,-0.039,12.861,965.1,0.295,2238.13
151.164,406.78,-5.684,0.015,12.872,965.296,0.5,2238.13
151.664,403.936,-5.691,-0.014,12.891,965.629,0.5,2238.13
152.026,401.879,-5.669,0.059,12.91,965.962,0.362,2238.13
152.27,400.494,-5.683,-0.054,12.923,966.203,0.244,2238.13
152.48,399.301,-5.66,0.11,12.932,966.365,0.21,2238.13
152.624,398.489,-5.673,-0.095,12.94,966.505,0.143,2238.13
153.124,395.646,-5.697,-0.048,12.945,966.6,0.5,2238.13
153.624,392.802,-5.679,0.037,12.964,966.933,0.5,2238.13
154.124,389.963,-5.677,0.002,12.983,967.265,0.5,2238.13
154.427,388.243,-5.672,0.017,13.001,967.598,0.303,2238.13
154.706,386.659,-5.684,-0.041,13.012,967.799,0.279,2238.13
155.206,383.817,-5.684,-0.001,13.023,967.985,0.5,2238.13
155.706,380.98,-5.664,0.041,13.041,968.317,0.5,2238.13
155.947,379.615,-5.661,0.01,13.06,968.649,0.241,2238.13
156.367,377.231,-5.682,-0.05,13.069,968.809,0.42,2238.13
156.867,374.39,-5.681,0.003,13.085,969.088,0.5,2238.13
157.367,371.556,-5.657,0.047,13.103,969.421,0.5,2238.13
157.631,370.062,-5.666,-0.035,13.122,969.753,0.264,2238.13
157.94,368.318,-5.633,0.109,13.131,969.928,0.309,2238.13
158.44,365.498,-5.65,-0.034,13.143,970.132,0.5,2238.13
158.645,364.34,-5.662,-0.06,13.161,970.462,0.205,2238.13
158.805,363.431,-5.669,-0.046,13.169,970.597,0.16,2238.13
159.118,361.653,-5.678,-0.028,13.175,970.704,0.313,2238.13
159.316,360.534,-5.65,0.142,13.187,970.912,0.198,2238.13
159.479,359.609,-5.663,-0.08,13.194,971.043,0.164,2238.13
159.892,357.274,-5.666,-0.007,13.2,971.151,0.412,2238.13
160.32,354.842,-5.68,-0.034,13.215,971.425,0.429,2238.13
160.82,352.005,-5.671,0.02,13.231,971.709,0.5,2238.13
161.32,349.169,-5.672,-0.002,13.25,972.042,0.5,2238.13
161.82,346.333,-5.674,-0.004,13.268,972.373,0.5,2238.13
162.32,343.497,-5.669,0.009,13.287,972.706,0.5,2238.13
162.82,340.666,-5.655,0.028,13.305,973.037,0.5,2238.13
163.309,337.895,-5.682,-0.054,13.324,973.369,0.489,2238.13
163.604,336.228,-5.624,0.196,13.342,973.693,0.295,2238.13
163.782,335.222,-5.652,-0.157,13.353,973.888,0.178,2238.13
163.916,334.464,-5.651,0.005,13.36,974.006,0.134,2238.13
164.416,331.642,-5.637,0.029,13.365,974.095,0.5,2238.13
164.587,330.681,-5.634,0.015,13.383,974.425,0.171,2238.13
164.815,329.397,-5.653,-0.082,13.389,974.538,0.227,2238.13
165.135,327.585,-5.67,-0.052,13.398,974.688,0.32,2238.13
165.635,324.753,-5.658,0.022,13.41,974.9,0.5,2238.13
166.079,322.236,-5.664,-0.013,13.428,975.232,0.444,2238.13
166.579,319.404,-5.667,-0.006,13.445,975.526,0.5,2238.13
167.079,316.571,-5.664,0.007,13.463,975.858,0.5,2238.13
167.579,313.74,-5.66,0.007,13.482,976.19,0.5,2238.13
168.079,310.909,-5.664,-0.009,13.5,976.521,0.5,2238.13
168.579,308.077,-5.661,0.006,13.519,976.853,0.5,2238.13
169.079,305.247,-5.66,0.003,13.537,977.184,0.5,2238.13
169.579,302.417,-5.659,0.001,13.556,977.515,0.5,2238.13
170.079,299.593,-5.637,0.045,13.575,977.847,0.5,2238.13
170.579,296.778,-5.623,0.029,13.593,978.177,0.5,2238.13
170.731,295.922,-5.617,0.036,13.612,978.507,0.152,2238.13
170.942,294.745,-5.583,0.161,13.617,978.607,0.21,2238.13
171.22,293.19,-5.61,-0.094,13.625,978.745,0.278,2238.13
171.388,292.239,-5.638,-0.167,13.635,978.927,0.169,2238.13
171.749,290.203,-5.656,-0.051,13.641,979.038,0.361,2238.13
172.249,287.375,-5.658,-0.004,13.655,979.276,0.5,2238.13
172.749,284.55,-5.643,0.029,13.673,979.608,0.5,2238.13
173.249,281.723,-5.664,-0.041,13.692,979.938,0.5,2238.13
173.663,279.383,-5.631,0.079,13.71,980.269,0.414,2238.13
174.063,277.127,-5.663,-0.081,13.725,980.543,0.399,2238.13
174.563,274.3,-5.646,0.036,13.74,980.807,0.5,2238.13
175.011,271.772,-5.64,0.013,13.759,981.138,0.448,2238.13
175.475,269.15,-5.66,-0.044,13.775,981.434,0.464,2238.13
175.937,266.544,-5.627,0.071,13.792,981.741,0.462,2238.13
176.402,263.918,-5.665,-0.082,13.81,982.046,0.465,2238.13
176.902,261.093,-5.634,0.063,13.827,982.354,0.5,2238.13
177.402,258.269,-5.661,-0.054,13.845,982.684,0.5,2238.13
177.902,255.444,-5.639,0.043,13.864,983.015,0.5,2238.13
178.402,252.621,-5.655,-0.031,13.882,983.346,0.5,2238.13
178.902,249.8,-5.63,0.049,13.901,983.676,0.5,2238.13
179.367,247.175,-5.653,-0.048,13.919,984.006,0.465,2238.13
179.686,245.374,-5.627,0.08,13.936,984.314,0.319,2238.13
179.903,244.151,-5.639,-0.055,13.948,984.525,0.217,2238.13
180.215,242.394,-5.644,-0.017,13.956,984.668,0.311,2238.13
180.715,239.572,-5.645,-0.001,13.968,984.873,0.5,2238.13
181.215,236.75,-5.641,0.007,13.986,985.204,0.5,2238.13
181.715,233.936,-5.613,0.056,14.005,985.534,0.5,2238.13
182.042,232.097,-5.643,-0.091,14.023,985.864,0.327,2238.13
182.542,229.276,-5.639,0.009,14.035,986.079,0.5,2238.13
183.042,226.456,-5.642,-0.007,14.054,986.409,0.5,2238.13
183.542,223.636,-5.636,0.012,14.072,986.739,0.5,2238.13
184.042,220.819,-5.634,0.004,14.091,987.069,0.5,2238.13
184.542,218,-5.64,-0.011,14.109,987.399,0.5,2238.13
185.042,215.184,-5.626,0.028,14.128,987.729,0.5,2238.13
185.513,212.53,-5.64,-0.03,14.146,988.059,0.471,2238.13
186.013,209.712,-5.634,0.012,14.163,988.37,0.5,2238.13
186.513,206.895,-5.633,0.002,14.182,988.699,0.5,2238.13
187.013,204.079,-5.634,-0.002,14.2,989.029,0.5,2238.13
187.513,201.262,-5.633,0.002,14.219,989.359,0.5,2238.13
187.927,198.934,-5.616,0.04,14.237,989.689,0.414,2238.13
188.098,197.974,-5.607,0.054,14.252,989.961,0.171,2238.13
188.253,197.101,-5.619,-0.081,14.259,990.074,0.155,2238.13
188.521,195.597,-5.618,0.004,14.264,990.176,0.268,2238.13
188.894,193.498,-5.635,-0.043,14.274,990.352,0.373,2238.13
189.394,190.685,-5.617,0.035,14.288,990.598,0.5,2238.13
189.894,187.871,-5.639,-0.043,14.306,990.927,0.5,2238.13
190.394,185.055,-5.621,0.035,14.325,991.256,0.5,2238.13
190.767,182.966,-5.583,0.102,14.343,991.586,0.373,2238.13
191.084,181.186,-5.63,-0.145,14.357,991.831,0.317,2238.13
191.288,180.043,-5.617,0.064,14.369,992.039,0.203,2238.13
191.567,178.474,-5.626,-0.032,14.376,992.173,0.279,2238.13
192.067,175.662,-5.624,0.002,14.386,992.356,0.5,2238.13
192.464,173.431,-5.613,0.029,14.405,992.686,0.397,2238.13
192.815,171.46,-5.628,-0.042,14.419,992.947,0.351,2238.13
193.189,169.355,-5.617,0.029,14.432,993.178,0.374,2238.13
193.502,167.594,-5.621,-0.014,14.446,993.424,0.313,2238.13
194.002,164.786,-5.61,0.023,14.458,993.63,0.5,2238.13
194.502,161.976,-5.633,-0.046,14.476,993.959,0.5,2238.13
194.914,159.666,-5.599,0.083,14.495,994.288,0.411,2238.13
195.414,156.857,-5.635,-0.073,14.51,994.558,0.5,2238.13
195.913,154.051,-5.604,0.063,14.528,994.887,0.499,2238.13
196.19,152.501,-5.599,0.018,14.546,995.216,0.277,2238.13
196.352,151.595,-5.609,-0.065,14.557,995.397,0.162,2238.13
196.852,148.786,-5.627,-0.036,14.563,995.503,0.5,2238.13
197.352,145.976,-5.612,0.03,14.581,995.832,0.5,2238.13
197.852,143.17,-5.613,-0.002,14.599,996.161,0.5,2238.13
198.352,140.364,-5.613,-0.001,14.618,996.489,0.5,2238.13
198.852,137.555,-5.619,-0.011,14.636,996.818,0.5,2238.13
199.306,135.005,-5.597,0.048,14.654,997.147,0.455,2238.13
199.806,132.211,-5.58,0.035,14.671,997.445,0.5,2238.13
199.987,131.202,-5.585,-0.029,14.69,997.772,0.181,2238.13
200.154,130.267,-5.602,-0.099,14.696,997.89,0.167,2238.13
200.548,128.056,-5.619,-0.044,14.702,998,0.394,2238.13
201.048,125.249,-5.609,0.019,14.717,998.259,0.5,2238.13
201.387,123.355,-5.585,0.072,14.735,998.587,0.338,2238.13
201.665,121.797,-5.612,-0.095,14.748,998.809,0.278,2238.13
202.165,118.992,-5.608,0.007,14.758,998.991,0.5,2238.13
202.665,116.186,-5.614,-0.011,14.776,999.32,0.5,2238.13
203.165,113.381,-5.606,0.015,14.794,999.648,0.5,2238.13
203.665,110.578,-5.607,-0.001,14.813,999.977,0.5,2238.13
204.165,107.774,-5.609,-0.004,14.831,1000.3,0.5,2238.13
204.665,104.97,-5.609,-0,14.85,1000.63,0.5,2238.13
205.165,102.169,-5.596,0.025,14.868,1000.96,0.5,2238.13
205.665,99.37,-5.6,-0.008,14.886,1001.29,0.5,2238.13
205.859,98.288,-5.573,0.137,14.905,1001.62,0.194,2238.13
206.105,96.915,-5.588,-0.059,14.912,1001.74,0.246,2238.13
206.488,94.77,-5.609,-0.054,14.921,1001.9,0.383,2238.13
206.988,91.968,-5.6,0.018,14.935,1002.15,0.5,2238.13
207.33,90.057,-5.551,0.142,14.953,1002.48,0.343,2238.13
207.626,88.412,-5.598,-0.161,14.966,1002.71,0.295,2238.13
207.823,87.305,-5.595,0.015,14.976,1002.9,0.198,2238.13
207.999,86.324,-5.599,-0.022,14.984,1003.03,0.175,2238.13
208.384,84.166,-5.604,-0.012,14.99,1003.14,0.385,2238.13
208.884,81.365,-5.601,0.005,15.004,1003.4,0.5,2238.13
209.203,79.583,-5.563,0.119,15.023,1003.73,0.319,2238.13
209.657,77.047,-5.605,-0.092,15.034,1003.93,0.454,2238.13
210.027,74.977,-5.597,0.021,15.051,1004.23,0.369,2238.13
210.288,73.518,-5.585,0.048,15.064,1004.47,0.261,2238.13
210.552,72.04,-5.598,-0.052,15.074,1004.64,0.264,2238.13
210.907,70.056,-5.587,0.032,15.084,1004.82,0.355,2238.13
211.407,67.258,-5.606,-0.038,15.097,1005.05,0.5,2238.13
211.844,64.815,-5.576,0.069,15.115,1005.38,0.437,2238.13
212.344,62.018,-5.611,-0.07,15.131,1005.66,0.5,2238.13
212.844,59.219,-5.583,0.055,15.149,1005.99,0.5,2238.13
213.202,57.219,-5.578,0.016,15.168,1006.32,0.358,2238.13
213.491,55.607,-5.595,-0.061,15.181,1006.55,0.288,2238.13
213.991,52.811,-5.589,0.012,15.191,1006.74,0.5,2238.13
214.491,50.014,-5.597,-0.016,15.21,1007.07,0.5,2238.13
214.991,47.218,-5.587,0.021,15.228,1007.39,0.5,2238.13
215.491,44.423,-5.596,-0.018,15.246,1007.72,0.5,2238.13
215.991,41.627,-5.588,0.016,15.265,1008.05,0.5,2238.13
216.213,40.389,-5.526,0.278,15.283,1008.38,0.223,2238.13
216.338,39.697,-5.551,-0.197,15.291,1008.52,0.125,2238.13
216.576,38.373,-5.583,-0.138,15.296,1008.6,0.238,2238.13
216.741,37.456,-5.575,0.048,15.304,1008.76,0.164,2238.13
217.241,34.674,-5.55,0.051,15.31,1008.87,0.5,2238.13
217.51,33.178,-5.585,-0.129,15.328,1009.19,0.269,2238.13
217.99,30.493,-5.592,-0.015,15.338,1009.37,0.48,2238.13
218.49,27.699,-5.583,0.018,15.356,1009.68,0.5,2238.13
218.895,25.441,-5.574,0.021,15.374,1010.01,0.405,2238.13
219.381,22.726,-5.596,-0.045,15.389,1010.27,0.486,2238.13
219.881,19.937,-5.56,0.073,15.407,1010.59,0.5,2238.13
220.381,17.146,-5.603,-0.087,15.425,1010.92,0.5,2238.13
220.881,14.356,-5.559,0.089,15.443,1011.24,0.5,2238.13
221.35,11.738,-5.597,-0.081,15.462,1011.57,0.469,2238.13
221.694,9.817,-5.564,0.096,15.479,1011.88,0.344,2238.13
221.851,8.948,-5.563,0.008,15.491,1012.1,0.156,2238.13
222.091,7.608,-5.576,-0.054,15.497,1012.2,0.241,2238.13
222.281,6.552,-5.575,0.001,15.506,1012.36,0.189,2238.13
222.781,3.767,-5.565,0.022,15.513,1012.48,0.5,2238.13
223.281,0.979,-5.588,-0.047,15.531,1012.81,0.5,2238.13
# Event GROUND_HIT occurred at t=223.456 seconds
# Event SIMULATION_END occurred at t=223.456 seconds
223.456,0,-5.576,0.065,15.549,1013.13,0.175,2238.13
