# Time (s),Altitude (m),Vertical velocity (m/s),Vertical acceleration (m/s²),Air temperature (°C),Air pressure (mbar),Simulation time step (s)
# Event IGNITION occurred at t=0 seconds
# Event LAUNCH occurred at t=0 seconds
0.01,0.006,1.209,121.002,5.893,856.1,0.01
# Event LIFTOFF occurred at t=0.02 seconds
0.02,0.024,2.419,121.026,5.893,856.1,0.01
0.03,0.054,3.629,121.05,5.893,856.1,0.01
0.04,0.097,4.839,121.072,5.893,856.1,0.01
0.05,0.151,6.049,121.094,5.893,856.1,0.01
0.06,0.218,7.26,121.115,5.892,856.1,0.01
0.07,0.296,8.471,121.135,5.892,856.1,0.01
0.08,0.387,9.682,121.155,5.891,856,0.01
0.09,0.49,10.893,121.174,5.89,856,0.01
0.099,0.595,12.005,121.188,5.89,856,0.009
0.108,0.699,13.014,121.2,5.889,856,0.008
0.115,0.803,13.945,121.212,5.888,856,0.008
0.122,0.906,14.814,121.223,5.888,856,0.007
# Event LAUNCHROD occurred at t=0.129 seconds
0.129,1.009,15.632,121.234,5.887,856,0.007
0.139,1.173,16.86,121.267,5.886,856,0.01
0.154,1.443,18.701,121.317,5.884,855.9,0.015
0.177,1.901,21.464,121.389,5.881,855.9,0.023
0.211,2.705,25.61,121.493,5.876,855.8,0.034
0.261,4.137,31.679,121.632,5.867,855.7,0.05
0.311,5.873,37.751,121.685,5.855,855.5,0.05
0.361,7.912,43.825,121.725,5.842,855.2,0.05
0.411,10.255,49.9,121.748,5.827,855,0.05
0.461,12.902,55.976,121.749,5.81,854.7,0.05
0.511,15.852,62.032,121.31,5.79,854.4,0.05
0.561,19.102,67.983,119.199,5.769,854.1,0.05
0.611,22.647,73.818,116.866,5.746,853.7,0.05
0.661,26.481,79.535,114.483,5.721,853.3,0.05
0.711,30.598,85.131,112.048,5.695,852.8,0.05
0.761,34.991,90.604,109.566,5.666,852.4,0.05
0.811,39.655,95.952,107.048,5.636,851.9,0.05
0.861,44.583,101.186,104.736,5.604,851.3,0.05
0.911,49.771,106.32,102.738,5.57,850.8,0.05
0.961,55.213,111.355,100.769,5.535,850.2,0.05
1.011,60.904,116.291,98.83,5.498,849.6,0.05
1.061,66.839,121.131,96.904,5.459,849,0.05
1.111,73.014,125.875,94.991,5.419,848.3,0.05
1.161,79.424,130.522,93.054,5.377,847.6,0.05
1.211,86.064,135.072,91.062,5.334,846.9,0.05
1.261,92.929,139.52,89.022,5.289,846.2,0.05
1.311,100.014,143.864,86.931,5.243,845.5,0.05
1.359,106.893,147.868,84.878,5.199,844.8,0.047
1.409,114.39,152.031,83.199,5.15,844,0.05
1.459,122.094,156.11,81.495,5.1,843.2,0.05
1.509,129.999,160.103,79.763,5.049,842.4,0.05
1.559,138.102,164.009,78.052,4.996,841.6,0.05
1.609,146.398,167.83,76.376,4.942,840.8,0.05
1.655,154.332,171.331,74.817,4.89,840,0.047
1.705,162.99,174.997,73.333,4.834,839.1,0.05
1.755,171.829,178.586,71.774,4.777,838.2,0.05
1.805,180.846,182.095,70.141,4.718,837.3,0.05
1.855,190.037,185.521,68.468,4.658,836.3,0.05
1.902,198.816,188.658,66.78,4.601,835.5,0.047
1.952,208.33,191.916,65.057,4.539,834.5,0.05
2.002,218.005,195.084,63.273,4.476,833.5,0.05
2.052,227.836,198.163,61.493,4.413,832.5,0.05
2.102,237.819,201.155,59.792,4.348,831.5,0.05
2.152,247.95,204.062,58.11,4.282,830.5,0.05
2.202,258.223,206.886,56.453,4.215,829.4,0.05
2.252,268.636,209.627,54.761,4.147,828.4,0.05
2.302,279.184,212.282,53.042,4.079,827.3,0.05
2.352,289.862,214.85,51.299,4.009,826.2,0.05
2.402,300.667,217.33,49.502,3.939,825.1,0.05
2.452,311.593,219.718,47.686,3.868,824,0.05
2.502,322.636,222.017,45.898,3.796,822.9,0.05
2.552,333.793,224.228,44.188,3.724,821.8,0.05
2.602,345.057,226.354,42.488,3.651,820.7,0.05
2.652,356.426,228.395,40.787,3.577,819.5,0.05
2.702,367.894,230.349,39.014,3.502,818.3,0.05
2.752,379.459,232.213,37.213,3.427,817.2,0.05
2.802,391.114,233.987,35.412,3.351,816,0.05
2.852,402.855,235.672,33.659,3.275,814.8,0.05
2.902,414.679,237.269,31.906,3.198,813.6,0.05
2.952,426.58,238.78,30.21,3.121,812.4,0.05
3.002,438.554,240.205,28.477,3.043,811.2,0.05
3.052,450.591,241.242,20.68,2.965,810,0.05
3.102,462.663,241.646,8.07,2.886,808.8,0.05
3.152,474.746,241.66,0.277,2.808,807.5,0.05
3.202,486.822,241.39,-5.374,2.729,806.3,0.05
3.252,498.877,240.839,-10.981,2.651,805.1,0.05
3.302,510.899,240.009,-16.531,2.573,803.9,0.05
# Event BURNOUT occurred at t=3.35 seconds
3.35,522.334,238.957,-21.944,2.498,802.7,0.048
3.4,534.251,237.728,-24.493,2.421,801.5,0.05
3.45,546.107,236.509,-24.284,2.344,800.3,0.05
3.5,557.902,235.298,-24.129,2.267,799.1,0.05
3.55,569.637,234.096,-23.949,2.191,797.9,0.05
3.6,581.312,232.903,-23.771,2.115,796.7,0.05
3.65,592.927,231.719,-23.611,2.039,795.6,0.05
3.7,604.484,230.542,-23.446,1.964,794.4,0.05
3.75,615.981,229.375,-23.249,1.89,793.3,0.05
3.8,627.421,228.217,-23.066,1.815,792.2,0.05
3.85,638.803,227.068,-22.926,1.741,791.1,0.05
3.9,650.128,225.924,-22.799,1.668,790,0.05
3.95,661.396,224.788,-22.669,1.594,788.9,0.05
4,672.607,223.658,-22.52,1.522,787.9,0.05
4.05,683.762,222.535,-22.362,1.449,786.8,0.05
4.1,694.861,221.422,-22.158,1.377,785.7,0.05
4.15,705.904,220.319,-21.976,1.305,784.7,0.05
4.2,716.893,219.224,-21.848,1.234,783.6,0.05
4.25,727.827,218.135,-21.734,1.163,782.6,0.05
4.3,738.706,217.05,-21.627,1.092,781.5,0.05
4.35,749.532,215.971,-21.525,1.022,780.5,0.05
4.4,760.304,214.898,-21.386,0.952,779.4,0.05
4.45,771.022,213.834,-21.203,0.882,778.4,0.05
4.5,781.687,212.778,-21.017,0.813,777.4,0.05
4.55,792.3,211.731,-20.878,0.744,776.3,0.05
4.6,802.86,210.69,-20.764,0.675,775.3,0.05
4.65,813.369,209.654,-20.672,0.607,774.3,0.05
4.7,823.826,208.623,-20.582,0.539,773.3,0.05
4.75,834.231,207.596,-20.478,0.471,772.3,0.05
4.8,844.585,206.575,-20.355,0.404,771.3,0.05
4.85,854.889,205.561,-20.193,0.337,770.3,0.05
4.9,865.142,204.556,-20.024,0.27,769.3,0.05
4.95,875.345,203.558,-19.899,0.204,768.4,0.05
5,885.498,202.566,-19.782,0.138,767.4,0.05
5.05,895.601,201.579,-19.711,0.072,766.4,0.05
5.1,905.656,200.596,-19.619,0.007,765.4,0.05
5.15,915.661,199.617,-19.511,-0.058,764.5,0.05
5.2,925.618,198.644,-19.409,-0.123,763.5,0.05
5.25,935.526,197.676,-19.309,-0.187,762.6,0.05
5.3,945.385,196.714,-19.169,-0.252,761.6,0.05
5.35,955.197,195.759,-19.04,-0.315,760.7,0.05
5.4,964.961,194.81,-18.916,-0.379,759.7,0.05
5.45,974.678,193.867,-18.823,-0.442,758.8,0.05
5.5,984.348,192.929,-18.718,-0.505,757.9,0.05
5.55,993.971,191.994,-18.65,-0.567,756.9,0.05
5.6,1003.548,191.064,-18.568,-0.63,756,0.05
5.65,1013.078,190.137,-18.487,-0.692,755.1,0.05
5.7,1022.561,189.216,-18.365,-0.753,754.2,0.05
5.75,1031.999,188.3,-18.261,-0.814,753.3,0.05
5.8,1041.392,187.39,-18.165,-0.876,752.4,0.05
5.85,1050.738,186.484,-18.064,-0.936,751.5,0.05
5.9,1060.04,185.583,-17.961,-0.997,750.6,0.05
5.95,1069.297,184.688,-17.86,-1.057,749.7,0.05
6,1078.509,183.797,-17.772,-1.117,748.8,0.05
6.05,1087.677,182.911,-17.694,-1.176,747.9,0.05
6.1,1096.8,182.028,-17.613,-1.236,747,0.05
6.15,1105.879,181.149,-17.551,-1.295,746.2,0.05
6.2,1114.915,180.273,-17.465,-1.353,745.4,0.05
6.25,1123.907,179.402,-17.393,-1.412,744.5,0.05
6.3,1132.855,178.534,-17.303,-1.47,743.7,0.05
6.35,1141.76,177.671,-17.21,-1.528,742.9,0.05
6.4,1150.622,176.814,-17.102,-1.586,742.1,0.05
6.45,1159.442,175.961,-17.014,-1.643,741.3,0.05
6.5,1168.219,175.112,-16.931,-1.7,740.5,0.05
6.55,1176.953,174.268,-16.836,-1.757,739.7,0.05
6.6,1185.645,173.429,-16.754,-1.813,738.9,0.05
6.65,1194.296,172.592,-16.694,-1.869,738.1,0.05
6.7,1202.905,171.759,-16.645,-1.925,737.3,0.05
6.75,1211.472,170.928,-16.608,-1.981,736.5,0.05
6.8,1219.998,170.098,-16.562,-2.036,735.8,0.05
6.85,1228.482,169.271,-16.498,-2.092,735,0.05
6.9,1236.925,168.45,-16.375,-2.147,734.2,0.05
6.95,1245.327,167.634,-16.268,-2.201,733.4,0.05
7,1253.688,166.823,-16.17,-2.255,732.7,0.05
7.05,1262.009,166.017,-16.076,-2.31,731.9,0.05
7.1,1270.29,165.215,-16.015,-2.363,731.2,0.05
7.15,1278.531,164.415,-15.955,-2.417,730.4,0.05
7.2,1286.732,163.619,-15.917,-2.47,729.7,0.05
7.25,1294.893,162.823,-15.894,-2.523,728.9,0.05
7.3,1303.014,162.03,-15.842,-2.576,728.2,0.05
7.35,1311.096,161.239,-15.771,-2.629,727.4,0.05
7.4,1319.138,160.452,-15.708,-2.681,726.7,0.05
7.45,1327.141,159.67,-15.6,-2.733,726,0.05
7.5,1335.105,158.892,-15.521,-2.785,725.2,0.05
7.55,1343.03,158.117,-15.453,-2.836,724.5,0.05
7.6,1350.917,157.346,-15.383,-2.887,723.8,0.05
7.65,1358.765,156.579,-15.328,-2.938,723.1,0.05
7.7,1366.575,155.813,-15.289,-2.989,722.3,0.05
7.75,1374.346,155.05,-15.251,-3.04,721.6,0.05
7.8,1382.08,154.289,-15.193,-3.09,720.9,0.05
7.85,1389.775,153.531,-15.122,-3.14,720.2,0.05
7.9,1397.433,152.776,-15.058,-3.19,719.5,0.05
7.95,1405.053,152.024,-15.008,-3.239,718.8,0.05
8,1412.635,151.276,-14.938,-3.289,718.1,0.05
8.05,1420.18,150.531,-14.875,-3.338,717.4,0.05
8.1,1427.688,149.789,-14.804,-3.386,716.8,0.05
8.15,1435.159,149.05,-14.736,-3.435,716.1,0.05
8.2,1442.593,148.315,-14.676,-3.483,715.4,0.05
8.25,1449.991,147.582,-14.64,-3.531,714.7,0.05
8.3,1457.352,146.851,-14.615,-3.579,714,0.05
8.35,1464.676,146.121,-14.586,-3.627,713.4,0.05
8.4,1471.964,145.392,-14.542,-3.674,712.7,0.05
8.45,1479.215,144.666,-14.495,-3.721,712,0.05
8.5,1486.43,143.943,-14.438,-3.768,711.4,0.05
8.55,1493.61,143.223,-14.357,-3.815,710.7,0.05
8.6,1500.753,142.507,-14.285,-3.861,710.1,0.05
8.65,1507.86,141.794,-14.221,-3.908,709.4,0.05
8.7,1514.932,141.085,-14.161,-3.954,708.8,0.05
8.75,1521.969,140.378,-14.111,-3.999,708.1,0.05
8.8,1528.97,139.674,-14.07,-4.045,707.5,0.05
8.85,1535.936,138.971,-14.039,-4.09,706.9,0.05
8.9,1542.867,138.27,-14.002,-4.135,706.2,0.05
8.95,1549.763,137.57,-13.99,-4.18,705.6,0.05
9,1556.624,136.872,-13.954,-4.225,705,0.05
9.05,1563.45,136.175,-13.908,-4.269,704.3,0.05
9.1,1570.242,135.481,-13.835,-4.313,703.7,0.05
9.15,1576.999,134.791,-13.783,-4.357,703.1,0.05
9.2,1583.721,134.104,-13.705,-4.401,702.5,0.05
9.25,1590.409,133.42,-13.651,-4.444,701.9,0.05
9.3,1597.063,132.739,-13.602,-4.487,701.3,0.05
9.35,1603.683,132.059,-13.579,-4.53,700.7,0.05
9.4,1610.269,131.381,-13.541,-4.573,700.1,0.05
9.45,1616.821,130.704,-13.53,-4.616,699.5,0.05
9.5,1623.339,130.028,-13.504,-4.658,699,0.05
9.55,1629.824,129.354,-13.489,-4.7,698.4,0.05
9.6,1636.275,128.68,-13.434,-4.742,697.8,0.05
9.65,1642.692,128.01,-13.379,-4.784,697.3,0.05
9.7,1649.076,127.343,-13.307,-4.825,696.7,0.05
9.75,1655.426,126.679,-13.24,-4.867,696.2,0.05
9.8,1661.744,126.019,-13.196,-4.908,695.6,0.05
9.85,1668.028,125.36,-13.159,-4.949,695.1,0.05
9.9,1674.28,124.703,-13.12,-4.989,694.5,0.05
9.95,1680.499,124.048,-13.078,-5.03,694,0.05
10,1686.685,123.394,-13.063,-5.07,693.5,0.05
10.05,1692.838,122.741,-13.053,-5.11,692.9,0.05
10.1,1698.959,122.09,-13.015,-5.15,692.4,0.05
10.15,1705.047,121.439,-12.991,-5.189,691.9,0.05
10.2,1711.103,120.791,-12.943,-5.229,691.3,0.05
10.25,1717.126,120.145,-12.917,-5.268,690.8,0.05
10.3,1723.117,119.499,-12.887,-5.307,690.3,0.05
10.35,1729.076,118.856,-12.848,-5.345,689.8,0.05
10.4,1735.003,118.215,-12.788,-5.384,689.3,0.05
10.45,1740.898,117.577,-12.728,-5.422,688.8,0.05
10.5,1746.761,116.942,-12.677,-5.46,688.2,0.05
10.55,1752.592,116.31,-12.625,-5.498,687.7,0.05
10.6,1758.392,115.679,-12.605,-5.536,687.2,0.05
10.65,1764.16,115.049,-12.58,-5.574,686.7,0.05
10.7,1769.897,114.421,-12.561,-5.611,686.2,0.05
10.75,1775.602,113.793,-12.556,-5.648,685.7,0.05
10.8,1781.276,113.166,-12.539,-5.685,685.2,0.05
10.85,1786.919,112.539,-12.511,-5.721,684.8,0.05
10.9,1792.53,111.914,-12.492,-5.758,684.3,0.05
10.95,1798.11,111.29,-12.481,-5.794,683.8,0.05
11,1803.659,110.667,-12.439,-5.83,683.3,0.05
11.05,1809.177,110.046,-12.391,-5.866,682.8,0.05
11.1,1814.663,109.428,-12.339,-5.902,682.3,0.05
11.15,1820.119,108.812,-12.3,-5.937,681.9,0.05
11.2,1825.545,108.198,-12.265,-5.973,681.4,0.05
11.25,1830.939,107.585,-12.222,-6.008,680.9,0.05
11.3,1836.303,106.976,-12.176,-6.042,680.5,0.05
11.35,1841.637,106.368,-12.137,-6.077,680,0.05
11.4,1846.94,105.761,-12.114,-6.112,679.5,0.05
11.45,1852.213,105.156,-12.092,-6.146,679.1,0.05
11.5,1857.456,104.552,-12.077,-6.18,678.6,0.05
11.55,1862.668,103.949,-12.054,-6.214,678.2,0.05
11.6,1867.851,103.347,-12.026,-6.248,677.7,0.05
11.65,1873.003,102.746,-12.011,-6.281,677.3,0.05
11.7,1878.125,102.146,-11.986,-6.314,676.8,0.05
11.75,1883.218,101.547,-11.967,-6.347,676.4,0.05
11.8,1888.28,100.949,-11.944,-6.38,676,0.05
11.85,1893.313,100.353,-11.918,-6.413,675.5,0.05
11.9,1898.315,99.757,-11.903,-6.446,675.1,0.05
11.95,1903.288,99.163,-11.874,-6.478,674.6,0.05
12,1908.232,98.57,-11.843,-6.51,674.2,0.05
12.05,1913.145,97.978,-11.814,-6.542,673.8,0.05
12.1,1918.029,97.389,-11.77,-6.574,673.4,0.05
12.15,1922.884,96.801,-11.737,-6.605,672.9,0.05
12.2,1927.71,96.215,-11.696,-6.637,672.5,0.05
12.25,1932.506,95.632,-11.661,-6.668,672.1,0.05
12.3,1937.273,95.049,-11.642,-6.699,671.7,0.05
12.35,1942.011,94.467,-11.62,-6.73,671.3,0.05
12.4,1946.72,93.887,-11.613,-6.76,670.9,0.05
12.45,1951.399,93.307,-11.585,-6.791,670.5,0.05
12.5,1956.05,92.728,-11.574,-6.821,670.1,0.05
12.55,1960.672,92.149,-11.56,-6.851,669.7,0.05
12.6,1965.265,91.572,-11.545,-6.881,669.3,0.05
12.65,1969.829,90.995,-11.517,-6.91,668.9,0.05
12.7,1974.365,90.42,-11.497,-6.94,668.5,0.05
12.75,1978.871,89.845,-11.484,-6.969,668.1,0.05
12.8,1983.349,89.272,-11.44,-6.998,667.7,0.05
12.85,1987.799,88.701,-11.422,-7.027,667.3,0.05
12.9,1992.219,88.13,-11.414,-7.056,666.9,0.05
12.95,1996.612,87.56,-11.382,-7.084,666.5,0.05
13,2000.975,86.991,-11.367,-7.113,666.2,0.05
13.05,2005.311,86.424,-11.334,-7.141,665.8,0.05
13.1,2009.618,85.858,-11.299,-7.169,665.4,0.05
13.15,2013.896,85.294,-11.272,-7.197,665,0.05
13.2,2018.147,84.731,-11.245,-7.224,664.7,0.05
13.25,2022.37,84.169,-11.214,-7.252,664.3,0.05
13.3,2026.564,83.609,-11.198,-7.279,663.9,0.05
13.35,2030.73,83.05,-11.169,-7.306,663.6,0.05
13.4,2034.869,82.492,-11.152,-7.333,663.2,0.05
13.45,2038.98,81.935,-11.135,-7.36,662.9,0.05
13.5,2043.062,81.378,-11.121,-7.386,662.5,0.05
13.55,2047.117,80.822,-11.12,-7.413,662.1,0.05
13.6,2051.145,80.267,-11.104,-7.439,661.8,0.05
13.65,2055.144,79.711,-11.113,-7.465,661.5,0.05
13.7,2059.116,79.156,-11.102,-7.491,661.1,0.05
13.75,2063.06,78.601,-11.091,-7.516,660.8,0.05
13.8,2066.976,78.046,-11.083,-7.542,660.4,0.05
13.85,2070.864,77.492,-11.078,-7.567,660.1,0.05
13.9,2074.725,76.939,-11.062,-7.592,659.7,0.05
13.95,2078.558,76.387,-11.018,-7.617,659.4,0.05
14,2082.364,75.837,-10.981,-7.642,659.1,0.05
14.05,2086.142,75.288,-10.956,-7.666,658.8,0.05
14.1,2089.893,74.742,-10.922,-7.691,658.4,0.05
14.15,2093.616,74.196,-10.899,-7.715,658.1,0.05
14.2,2097.312,73.651,-10.889,-7.739,657.8,0.05
14.25,2100.981,73.107,-10.867,-7.763,657.5,0.05
14.3,2104.623,72.565,-10.843,-7.787,657.2,0.05
14.35,2108.238,72.023,-10.828,-7.81,656.9,0.05
14.4,2111.825,71.482,-10.807,-7.833,656.6,0.05
14.45,2115.386,70.942,-10.789,-7.857,656.3,0.05
14.5,2118.92,70.403,-10.77,-7.879,656,0.05
14.55,2122.426,69.865,-10.76,-7.902,655.7,0.05
14.6,2125.906,69.327,-10.757,-7.925,655.4,0.05
14.65,2129.359,68.79,-10.743,-7.947,655.1,0.05
14.7,2132.785,68.253,-10.732,-7.97,654.9,0.05
14.75,2136.184,67.716,-10.723,-7.992,654.6,0.05
14.8,2139.557,67.181,-10.699,-8.014,654.3,0.05
14.85,2142.902,66.646,-10.689,-8.035,654,0.05
14.9,2146.221,66.112,-10.676,-8.057,653.7,0.05
14.95,2149.514,65.579,-10.654,-8.078,653.5,0.05
15,2152.779,65.046,-10.641,-8.1,653.2,0.05
15.05,2156.018,64.515,-10.629,-8.121,652.9,0.05
15.1,2159.231,63.984,-10.616,-8.142,652.7,0.05
15.15,2162.417,63.453,-10.593,-8.162,652.4,0.05
15.2,2165.576,62.924,-10.598,-8.183,652.1,0.05
15.25,2168.709,62.394,-10.583,-8.203,651.9,0.05
15.3,2171.816,61.865,-10.565,-8.223,651.6,0.05
15.35,2174.896,61.337,-10.567,-8.243,651.4,0.05
15.4,2177.949,60.809,-10.553,-8.263,651.1,0.05
15.45,2180.977,60.282,-10.54,-8.283,650.9,0.05
15.5,2183.977,59.755,-10.521,-8.302,650.6,0.05
15.55,2186.952,59.229,-10.517,-8.322,650.4,0.05
15.6,2189.9,58.704,-10.49,-8.341,650.1,0.05
15.65,2192.822,58.18,-10.475,-8.36,649.9,0.05
15.7,2195.718,57.656,-10.47,-8.379,649.7,0.05
15.75,2198.588,57.133,-10.451,-8.397,649.4,0.05
15.8,2201.432,56.611,-10.44,-8.416,649.2,0.05
15.85,2204.249,56.089,-10.432,-8.434,649,0.05
15.9,2207.041,55.568,-10.416,-8.452,648.7,0.05
15.95,2209.806,55.047,-10.409,-8.47,648.5,0.05
16,2212.545,54.527,-10.394,-8.488,648.3,0.05
16.05,2215.259,54.008,-10.367,-8.506,648.1,0.05
16.1,2217.946,53.491,-10.343,-8.523,647.8,0.05
16.15,2220.608,52.974,-10.33,-8.54,647.6,0.05
16.2,2223.244,52.457,-10.325,-8.558,647.4,0.05
16.25,2225.854,51.941,-10.323,-8.575,647.2,0.05
16.3,2228.438,51.425,-10.315,-8.591,647,0.05
16.35,2230.996,50.91,-10.296,-8.608,646.8,0.05
16.4,2233.529,50.395,-10.288,-8.624,646.5,0.05
16.45,2236.036,49.881,-10.276,-8.641,646.3,0.05
16.5,2238.517,49.367,-10.275,-8.657,646.1,0.05
16.55,2240.972,48.854,-10.268,-8.673,645.9,0.05
16.6,2243.402,48.341,-10.254,-8.689,645.7,0.05
16.65,2245.807,47.828,-10.248,-8.704,645.5,0.05
16.7,2248.185,47.316,-10.241,-8.72,645.3,0.05
16.75,2250.538,46.805,-10.223,-8.735,645.1,0.05
16.8,2252.866,46.293,-10.218,-8.75,645,0.05
16.85,2255.167,45.783,-10.203,-8.765,644.8,0.05
16.9,2257.444,45.273,-10.2,-8.78,644.6,0.05
16.95,2259.695,44.763,-10.196,-8.795,644.4,0.05
17,2261.92,44.253,-10.189,-8.809,644.2,0.05
17.05,2264.12,43.744,-10.19,-8.823,644,0.05
17.1,2266.295,43.235,-10.176,-8.837,643.8,0.05
17.15,2268.444,42.726,-10.172,-8.851,643.7,0.05
17.2,2270.567,42.218,-10.169,-8.865,643.5,0.05
17.25,2272.665,41.709,-10.166,-8.879,643.3,0.05
17.3,2274.738,41.201,-10.153,-8.892,643.1,0.05
17.35,2276.785,40.694,-10.146,-8.906,643,0.05
17.4,2278.807,40.186,-10.144,-8.919,642.8,0.05
17.45,2280.804,39.68,-10.119,-8.932,642.6,0.05
17.5,2282.775,39.174,-10.118,-8.945,642.5,0.05
17.55,2284.722,38.668,-10.103,-8.957,642.3,0.05
17.6,2286.642,38.164,-10.09,-8.97,642.2,0.05
17.65,2288.538,37.659,-10.078,-8.982,642,0.05
17.7,2290.408,37.156,-10.059,-8.994,641.9,0.05
17.75,2292.254,36.653,-10.057,-9.006,641.7,0.05
17.8,2294.074,36.151,-10.042,-9.018,641.6,0.05
17.85,2295.869,35.649,-10.02,-9.03,641.4,0.05
17.9,2297.639,35.148,-10.01,-9.041,641.3,0.05
17.95,2299.383,34.648,-10.004,-9.052,641.1,0.05
18,2301.103,34.148,-9.994,-9.064,641,0.05
18.05,2302.798,33.649,-9.979,-9.075,640.8,0.05
18.1,2304.468,33.15,-9.975,-9.086,640.7,0.05
18.15,2306.113,32.651,-9.97,-9.096,640.6,0.05
18.2,2307.733,32.153,-9.966,-9.107,640.4,0.05
18.25,2309.329,31.655,-9.967,-9.117,640.3,0.05
18.3,2310.899,31.156,-9.964,-9.127,640.2,0.05
18.35,2312.444,30.658,-9.964,-9.137,640,0.05
18.4,2313.965,30.16,-9.957,-9.147,639.9,0.05
18.45,2315.46,29.662,-9.948,-9.157,639.8,0.05
18.5,2316.931,29.165,-9.954,-9.167,639.7,0.05
18.55,2318.377,28.667,-9.95,-9.176,639.5,0.05
18.6,2319.798,28.17,-9.958,-9.185,639.4,0.05
18.65,2321.194,27.672,-9.953,-9.194,639.3,0.05
18.7,2322.565,27.174,-9.943,-9.203,639.2,0.05
18.75,2323.911,26.677,-9.937,-9.212,639.1,0.05
18.8,2325.232,26.181,-9.937,-9.221,639,0.05
18.85,2326.529,25.684,-9.937,-9.229,638.9,0.05
18.9,2327.801,25.187,-9.936,-9.237,638.8,0.05
18.95,2329.048,24.69,-9.93,-9.245,638.7,0.05
19,2330.27,24.194,-9.932,-9.253,638.6,0.05
19.05,2331.467,23.697,-9.933,-9.261,638.5,0.05
19.1,2332.64,23.201,-9.923,-9.269,638.4,0.05
19.15,2333.787,22.705,-9.904,-9.276,638.3,0.05
19.2,2334.91,22.21,-9.899,-9.283,638.2,0.05
19.25,2336.008,21.715,-9.893,-9.291,638.1,0.05
19.3,2337.082,21.221,-9.884,-9.298,638,0.05
19.35,2338.13,20.727,-9.872,-9.304,637.9,0.05
19.4,2339.154,20.233,-9.868,-9.311,637.8,0.05
19.45,2340.154,19.74,-9.856,-9.317,637.8,0.05
19.5,2341.128,19.247,-9.854,-9.324,637.7,0.05
19.55,2342.078,18.755,-9.835,-9.33,637.6,0.05
19.6,2343.004,18.263,-9.833,-9.336,637.5,0.05
19.65,2343.905,17.772,-9.807,-9.342,637.4,0.05
19.7,2344.781,17.282,-9.8,-9.348,637.4,0.05
19.75,2345.633,16.793,-9.786,-9.353,637.3,0.05
19.8,2346.46,16.304,-9.776,-9.358,637.2,0.05
19.85,2347.263,15.815,-9.76,-9.364,637.2,0.05
19.9,2348.042,15.327,-9.763,-9.369,637.1,0.05
19.95,2348.796,14.839,-9.749,-9.374,637,0.05
20,2349.526,14.352,-9.746,-9.378,637,0.05
20.05,2350.231,13.865,-9.736,-9.383,636.9,0.05
20.1,2350.912,13.378,-9.722,-9.387,636.9,0.05
20.15,2351.569,12.892,-9.721,-9.392,636.8,0.05
20.2,2352.202,12.406,-9.722,-9.396,636.8,0.05
20.25,2352.81,11.92,-9.726,-9.4,636.7,0.05
20.3,2353.394,11.434,-9.718,-9.404,636.7,0.05
20.35,2353.953,10.948,-9.713,-9.407,636.6,0.05
20.4,2354.488,10.463,-9.71,-9.411,636.6,0.05
20.45,2354.999,9.977,-9.706,-9.414,636.5,0.05
20.5,2355.486,9.492,-9.696,-9.417,636.5,0.05
20.55,2355.949,9.007,-9.689,-9.42,636.4,0.05
20.6,2356.387,8.523,-9.678,-9.423,636.4,0.05
20.65,2356.801,8.04,-9.668,-9.426,636.4,0.05
20.7,2357.191,7.556,-9.669,-9.428,636.3,0.05
20.75,2357.557,7.073,-9.66,-9.431,636.3,0.05
20.8,2357.898,6.591,-9.638,-9.433,636.3,0.05
20.85,2358.216,6.109,-9.604,-9.435,636.3,0.05
20.9,2358.509,5.63,-9.587,-9.437,636.2,0.05
20.95,2358.779,5.151,-9.551,-9.439,636.2,0.05
21,2359.024,4.674,-9.543,-9.44,636.2,0.05
21.05,2359.246,4.197,-9.53,-9.442,636.2,0.05
21.1,2359.444,3.721,-9.514,-9.443,636.2,0.05
21.15,2359.618,3.246,-9.477,-9.444,636.1,0.05
21.2,2359.769,2.773,-9.465,-9.445,636.1,0.05
21.25,2359.895,2.3,-9.456,-9.446,636.1,0.05
21.3,2359.999,1.828,-9.424,-9.446,636.1,0.05
21.35,2360.078,1.357,-9.411,-9.447,636.1,0.05
21.4,2360.134,0.887,-9.391,-9.447,636.1,0.05
21.45,2360.167,0.418,-9.36,-9.448,636.1,0.05
# Event APOGEE occurred at t=21.5 seconds
21.5,2360.176,-0.05,-9.346,-9.448,636.1,0.05
21.55,2360.162,-0.516,-9.315,-9.448,636.1,0.05
21.6,2360.124,-0.983,-9.522,-9.447,636.1,0.05
21.65,2360.063,-1.459,-9.493,-9.447,636.1,0.05
21.7,2359.979,-1.933,-9.49,-9.446,636.1,0.05
21.75,2359.87,-2.407,-9.459,-9.446,636.1,0.05
21.8,2359.738,-2.879,-9.439,-9.445,636.1,0.05
21.85,2359.582,-3.35,-9.402,-9.444,636.1,0.05
21.9,2359.403,-3.82,-9.38,-9.443,636.2,0.05
21.95,2359.2,-4.289,-9.364,-9.441,636.2,0.05
22,2358.974,-4.755,-9.301,-9.44,636.2,0.05
22.05,2358.725,-5.219,-9.246,-9.438,636.2,0.05
22.1,2358.452,-5.68,-9.188,-9.436,636.2,0.05
22.15,2358.157,-6.137,-9.115,-9.435,636.3,0.05
22.2,2357.839,-6.59,-8.999,-9.432,636.3,0.05
22.25,2357.498,-7.039,-8.942,-9.43,636.3,0.05
22.3,2357.135,-7.485,-8.885,-9.428,636.4,0.05
22.35,2356.75,-7.927,-8.825,-9.425,636.4,0.05
22.4,2356.342,-8.365,-8.692,-9.423,636.4,0.05
22.45,2355.913,-8.798,-8.624,-9.42,636.5,0.05
# Event RECOVERY_DEVICE_DEPLOYMENT occurred at t=22.5 seconds
22.5,2355.462,-9.228,-8.548,-9.417,636.5,0.05
22.507,2355.396,-9.267,-5.471,-9.417,636.5,0.007
22.757,2352.912,-10.629,-5.454,-9.417,636.5,0.25
23.022,2349.931,-11.896,-4.787,-9.4,636.7,0.265
23.318,2346.232,-13.057,-3.916,-9.381,636.9,0.297
23.62,2342.147,-14.009,-3.155,-9.357,637.2,0.302
23.978,2336.976,-14.853,-2.355,-9.33,637.6,0.358
24.418,2330.294,-15.54,-1.561,-9.297,638,0.44
24.913,2322.484,-16.019,-0.969,-9.253,638.6,0.495
25.413,2314.415,-16.255,-0.471,-9.203,639.2,0.5
25.913,2306.252,-16.397,-0.284,-9.15,639.9,0.5
26.413,2298.039,-16.454,-0.115,-9.097,640.5,0.5
26.913,2289.808,-16.47,-0.032,-9.044,641.2,0.5
27.413,2281.574,-16.467,0.007,-8.99,641.9,0.5
27.913,2273.338,-16.476,-0.018,-8.937,642.6,0.5
28.413,2265.101,-16.476,0,-8.883,643.3,0.5
28.913,2256.864,-16.47,0.012,-8.83,643.9,0.5
29.413,2248.631,-16.465,0.01,-8.776,644.6,0.5
29.913,2240.4,-16.459,0.012,-8.723,645.3,0.5
30.413,2232.172,-16.452,0.013,-8.669,646,0.5
30.913,2223.948,-16.445,0.014,-8.616,646.7,0.5
31.413,2215.727,-16.438,0.014,-8.562,647.3,0.5
31.913,2207.51,-16.431,0.015,-8.509,648,0.5
32.413,2199.296,-16.424,0.013,-8.455,648.7,0.5
32.913,2191.086,-16.413,0.022,-8.402,649.4,0.5
33.413,2182.881,-16.407,0.012,-8.349,650,0.5
33.913,2174.679,-16.402,0.009,-8.295,650.7,0.5
34.413,2166.48,-16.395,0.014,-8.242,651.4,0.5
34.913,2158.284,-16.387,0.016,-8.189,652.1,0.5
35.413,2150.092,-16.382,0.01,-8.135,652.8,0.5
35.913,2141.903,-16.375,0.015,-8.082,653.4,0.5
36.413,2133.717,-16.368,0.012,-8.029,654.1,0.5
36.913,2125.534,-16.362,0.013,-7.976,654.8,0.5
37.413,2117.355,-16.355,0.015,-7.922,655.5,0.5
37.913,2109.179,-16.348,0.013,-7.869,656.1,0.5
38.413,2101.007,-16.342,0.013,-7.816,656.8,0.5
38.913,2092.837,-16.336,0.012,-7.763,657.5,0.5
39.413,2084.672,-16.326,0.018,-7.71,658.2,0.5
39.913,2076.51,-16.321,0.011,-7.657,658.9,0.5
40.413,2068.351,-16.313,0.016,-7.604,659.6,0.5
40.913,2060.196,-16.307,0.012,-7.551,660.3,0.5
41.413,2052.045,-16.299,0.015,-7.498,661,0.5
41.913,2043.897,-16.291,0.017,-7.445,661.7,0.5
42.413,2035.754,-16.285,0.011,-7.392,662.4,0.5
42.913,2027.613,-16.278,0.014,-7.339,663.1,0.5
43.413,2019.476,-16.27,0.017,-7.286,663.8,0.5
43.913,2011.342,-16.264,0.012,-7.233,664.6,0.5
44.413,2003.212,-16.257,0.013,-7.18,665.3,0.5
44.913,1995.085,-16.251,0.014,-7.127,666,0.5
45.413,1986.961,-16.243,0.015,-7.075,666.7,0.5
45.913,1978.841,-16.237,0.013,-7.022,667.4,0.5
46.413,1970.725,-16.23,0.014,-6.969,668.1,0.5
46.913,1962.612,-16.222,0.015,-6.916,668.8,0.5
47.413,1954.502,-16.215,0.014,-6.863,669.5,0.5
47.913,1946.397,-16.208,0.015,-6.811,670.2,0.5
48.413,1938.294,-16.202,0.012,-6.758,670.9,0.5
48.913,1930.195,-16.193,0.018,-6.705,671.6,0.5
49.413,1922.1,-16.188,0.01,-6.653,672.3,0.5
49.913,1914.008,-16.181,0.013,-6.6,673,0.5
50.413,1905.919,-16.174,0.014,-6.548,673.7,0.5
50.913,1897.834,-16.168,0.012,-6.495,674.4,0.5
51.413,1889.752,-16.161,0.014,-6.442,675.1,0.5
51.913,1881.673,-16.152,0.018,-6.39,675.8,0.5
52.413,1873.599,-16.146,0.011,-6.337,676.5,0.5
52.913,1865.528,-16.137,0.018,-6.285,677.2,0.5
53.413,1857.46,-16.131,0.012,-6.232,677.9,0.5
53.913,1849.396,-16.126,0.01,-6.18,678.6,0.5
54.413,1841.335,-16.118,0.016,-6.128,679.3,0.5
54.913,1833.277,-16.113,0.01,-6.075,680,0.5
55.413,1825.222,-16.107,0.012,-6.023,680.7,0.5
55.913,1817.171,-16.099,0.017,-5.97,681.4,0.5
56.413,1809.123,-16.093,0.011,-5.918,682.1,0.5
56.913,1801.078,-16.086,0.015,-5.866,682.8,0.5
57.413,1793.037,-16.08,0.011,-5.814,683.5,0.5
57.913,1784.998,-16.074,0.013,-5.761,684.2,0.5
58.413,1776.963,-16.067,0.014,-5.709,684.9,0.5
58.913,1768.932,-16.059,0.015,-5.657,685.6,0.5
59.413,1760.903,-16.054,0.011,-5.605,686.3,0.5
59.913,1752.879,-16.044,0.02,-5.552,687,0.5
60.413,1744.858,-16.039,0.01,-5.5,687.7,0.5
60.913,1736.84,-16.034,0.011,-5.448,688.4,0.5
61.413,1728.825,-16.027,0.012,-5.396,689.1,0.5
61.913,1720.813,-16.021,0.013,-5.344,689.8,0.5
62.413,1712.804,-16.014,0.014,-5.292,690.5,0.5
62.913,1704.799,-16.008,0.011,-5.24,691.2,0.5
63.413,1696.796,-16.001,0.014,-5.188,691.9,0.5
63.913,1688.797,-15.995,0.011,-5.136,692.6,0.5
64.413,1680.801,-15.989,0.012,-5.084,693.3,0.5
64.913,1672.808,-15.982,0.014,-5.032,694,0.5
65.413,1664.819,-15.975,0.014,-4.98,694.7,0.5
65.913,1656.833,-15.97,0.012,-4.928,695.4,0.5
66.413,1648.85,-15.961,0.018,-4.876,696.1,0.5
66.913,1640.871,-15.953,0.016,-4.824,696.8,0.5
67.413,1632.896,-15.948,0.01,-4.772,697.4,0.5
67.913,1624.924,-15.94,0.015,-4.72,698.1,0.5
68.413,1616.955,-15.937,0.008,-4.669,698.8,0.5
68.913,1608.988,-15.93,0.014,-4.617,699.5,0.5
69.413,1601.025,-15.924,0.01,-4.565,700.2,0.5
69.913,1593.064,-15.918,0.012,-4.513,700.9,0.5
70.413,1585.107,-15.912,0.013,-4.461,701.6,0.5
70.913,1577.153,-15.905,0.014,-4.41,702.4,0.5
71.413,1569.202,-15.896,0.017,-4.358,703.1,0.5
71.913,1561.256,-15.891,0.009,-4.306,703.8,0.5
72.413,1553.311,-15.886,0.012,-4.255,704.5,0.5
72.913,1545.37,-15.879,0.013,-4.203,705.3,0.5
73.413,1537.432,-15.873,0.013,-4.151,706,0.5
73.913,1529.498,-15.865,0.015,-4.1,706.7,0.5
74.413,1521.567,-15.858,0.014,-4.048,707.4,0.5
74.913,1513.64,-15.852,0.013,-3.997,708.2,0.5
75.413,1505.716,-15.845,0.013,-3.945,708.9,0.5
75.913,1497.794,-15.839,0.012,-3.894,709.6,0.5
76.413,1489.876,-15.833,0.013,-3.842,710.3,0.5
76.913,1481.962,-15.826,0.013,-3.791,711.1,0.5
77.413,1474.05,-15.82,0.013,-3.739,711.8,0.5
77.913,1466.142,-15.812,0.015,-3.688,712.5,0.5
78.413,1458.238,-15.804,0.017,-3.636,713.2,0.5
78.913,1450.337,-15.798,0.012,-3.585,714,0.5
79.413,1442.44,-15.793,0.01,-3.534,714.7,0.5
79.913,1434.545,-15.787,0.012,-3.482,715.4,0.5
80.413,1426.653,-15.781,0.012,-3.431,716.1,0.5
80.913,1418.764,-15.774,0.014,-3.38,716.9,0.5
81.413,1410.879,-15.768,0.012,-3.328,717.6,0.5
81.913,1402.998,-15.756,0.025,-3.277,718.3,0.5
82.413,1395.121,-15.753,0.006,-3.226,719,0.5
82.913,1387.246,-15.747,0.011,-3.175,719.7,0.5
83.413,1379.374,-15.741,0.013,-3.124,720.5,0.5
83.913,1371.505,-15.736,0.01,-3.072,721.2,0.5
84.413,1363.638,-15.729,0.012,-3.021,721.9,0.5
84.913,1355.775,-15.723,0.012,-2.97,722.6,0.5
85.413,1347.915,-15.716,0.015,-2.919,723.3,0.5
85.913,1340.059,-15.71,0.012,-2.868,724.1,0.5
86.413,1332.205,-15.704,0.012,-2.817,724.8,0.5
86.913,1324.355,-15.698,0.012,-2.766,725.5,0.5
87.413,1316.507,-15.692,0.013,-2.715,726.2,0.5
87.913,1308.663,-15.684,0.016,-2.664,726.9,0.5
88.413,1300.823,-15.679,0.01,-2.613,727.6,0.5
88.913,1292.985,-15.673,0.011,-2.562,728.4,0.5
89.413,1285.15,-15.667,0.012,-2.511,729.1,0.5
89.913,1277.318,-15.661,0.012,-2.46,729.8,0.5
90.413,1269.489,-15.655,0.012,-2.409,730.5,0.5
90.913,1261.663,-15.648,0.012,-2.358,731.2,0.5
91.413,1253.841,-15.642,0.012,-2.307,731.9,0.5
91.913,1246.021,-15.635,0.014,-2.256,732.7,0.5
92.413,1238.205,-15.628,0.015,-2.206,733.4,0.5
92.913,1230.393,-15.623,0.011,-2.155,734.1,0.5
93.413,1222.583,-15.617,0.012,-2.104,734.8,0.5
93.913,1214.776,-15.611,0.012,-2.053,735.5,0.5
94.413,1206.972,-15.605,0.012,-2.003,736.2,0.5
94.913,1199.171,-15.599,0.013,-1.952,736.9,0.5
95.413,1191.373,-15.593,0.011,-1.901,737.7,0.5
95.913,1183.579,-15.584,0.019,-1.85,738.4,0.5
96.413,1175.788,-15.58,0.008,-1.8,739.1,0.5
96.913,1168,-15.573,0.014,-1.749,739.8,0.5
97.413,1160.214,-15.568,0.009,-1.698,740.5,0.5
97.913,1152.432,-15.562,0.012,-1.648,741.2,0.5
98.413,1144.652,-15.557,0.011,-1.597,741.9,0.5
98.913,1136.875,-15.551,0.012,-1.547,742.6,0.5
99.413,1129.101,-15.545,0.012,-1.496,743.4,0.5
99.913,1121.33,-15.538,0.015,-1.446,744.1,0.5
100.413,1113.563,-15.532,0.01,-1.395,744.8,0.5
100.913,1105.798,-15.527,0.012,-1.345,745.5,0.5
101.413,1098.036,-15.52,0.012,-1.294,746.2,0.5
101.913,1090.278,-15.514,0.013,-1.244,746.9,0.5
102.413,1082.522,-15.509,0.011,-1.193,747.7,0.5
102.913,1074.77,-15.5,0.017,-1.143,748.4,0.5
103.413,1067.021,-15.494,0.013,-1.093,749.2,0.5
103.913,1059.275,-15.49,0.009,-1.042,749.9,0.5
104.413,1051.532,-15.484,0.011,-0.992,750.6,0.5
104.913,1043.791,-15.478,0.012,-0.941,751.4,0.5
105.413,1036.054,-15.471,0.013,-0.891,752.1,0.5
105.913,1028.321,-15.463,0.017,-0.841,752.9,0.5
106.413,1020.59,-15.458,0.01,-0.791,753.6,0.5
106.913,1012.863,-15.452,0.011,-0.74,754.4,0.5
107.413,1005.138,-15.447,0.011,-0.69,755.1,0.5
107.913,997.416,-15.44,0.012,-0.64,755.9,0.5
108.413,989.698,-15.433,0.014,-0.59,756.6,0.5
108.913,981.983,-15.425,0.017,-0.54,757.3,0.5
109.413,974.272,-15.421,0.008,-0.489,758.1,0.5
109.913,966.563,-15.416,0.011,-0.439,758.8,0.5
110.413,958.857,-15.408,0.015,-0.389,759.6,0.5
110.913,951.154,-15.403,0.01,-0.339,760.3,0.5
111.413,943.454,-15.398,0.012,-0.289,761.1,0.5
111.913,935.756,-15.391,0.014,-0.239,761.8,0.5
112.413,928.063,-15.385,0.011,-0.189,762.5,0.5
112.913,920.371,-15.379,0.011,-0.139,763.3,0.5
113.413,912.684,-15.372,0.015,-0.089,764,0.5
113.913,904.999,-15.367,0.01,-0.039,764.8,0.5
114.413,897.317,-15.361,0.011,0.011,765.5,0.5
114.913,889.637,-15.356,0.012,0.061,766.2,0.5
115.413,881.961,-15.349,0.014,0.111,767,0.5
115.913,874.289,-15.342,0.014,0.161,767.7,0.5
116.413,866.619,-15.336,0.011,0.211,768.5,0.5
116.913,858.952,-15.331,0.01,0.26,769.2,0.5
117.413,851.288,-15.325,0.012,0.31,769.9,0.5
117.913,843.628,-15.318,0.013,0.36,770.7,0.5
118.413,835.97,-15.313,0.01,0.41,771.4,0.5
118.913,828.314,-15.307,0.013,0.46,772.1,0.5
119.413,820.663,-15.3,0.014,0.509,772.9,0.5
119.913,813.014,-15.296,0.009,0.559,773.6,0.5
120.413,805.367,-15.29,0.012,0.609,774.4,0.5
120.913,797.725,-15.281,0.018,0.659,775.1,0.5
121.413,790.085,-15.276,0.01,0.708,775.8,0.5
121.913,782.448,-15.272,0.008,0.758,776.6,0.5
122.413,774.814,-15.267,0.011,0.808,777.3,0.5
122.913,767.182,-15.26,0.012,0.857,778,0.5
123.413,759.553,-15.254,0.013,0.907,778.8,0.5
123.913,751.928,-15.249,0.01,0.956,779.5,0.5
124.413,744.305,-15.244,0.01,1.006,780.2,0.5
124.913,736.684,-15.238,0.011,1.056,781,0.5
125.413,729.067,-15.229,0.018,1.105,781.7,0.5
125.913,721.454,-15.224,0.009,1.155,782.4,0.5
126.413,713.843,-15.219,0.01,1.204,783.2,0.5
126.913,706.235,-15.214,0.009,1.254,783.9,0.5
127.413,698.63,-15.206,0.017,1.303,784.6,0.5
127.913,691.028,-15.202,0.009,1.352,785.4,0.5
128.413,683.429,-15.195,0.013,1.402,786.1,0.5
128.913,675.832,-15.191,0.009,1.451,786.8,0.5
129.413,668.238,-15.186,0.009,1.501,787.6,0.5
129.913,660.647,-15.181,0.011,1.55,788.3,0.5
130.413,653.059,-15.171,0.019,1.599,789,0.5
130.913,645.474,-15.168,0.007,1.649,789.7,0.5
131.413,637.891,-15.163,0.009,1.698,790.5,0.5
131.913,630.312,-15.155,0.017,1.747,791.2,0.5
132.413,622.735,-15.151,0.008,1.796,791.9,0.5
132.913,615.161,-15.145,0.012,1.846,792.7,0.5
133.413,607.59,-15.14,0.009,1.895,793.4,0.5
133.913,600.021,-15.136,0.01,1.944,794.1,0.5
134.413,592.455,-15.128,0.016,1.993,794.9,0.5
134.913,584.892,-15.124,0.008,2.043,795.6,0.5
135.413,577.332,-15.118,0.011,2.092,796.4,0.5
135.913,569.774,-15.11,0.016,2.141,797.1,0.5
136.413,562.221,-15.103,0.014,2.19,797.9,0.5
136.913,554.67,-15.1,0.007,2.239,798.7,0.5
137.413,547.122,-15.094,0.011,2.288,799.4,0.5
137.913,539.576,-15.089,0.01,2.337,800.2,0.5
138.413,532.033,-15.083,0.011,2.386,801,0.5
138.913,524.493,-15.078,0.012,2.435,801.7,0.5
139.413,516.955,-15.072,0.012,2.484,802.5,0.5
139.913,509.421,-15.066,0.012,2.533,803.3,0.5
140.413,501.89,-15.06,0.011,2.582,804,0.5
140.913,494.361,-15.054,0.011,2.631,804.8,0.5
141.413,486.835,-15.048,0.012,2.68,805.5,0.5
141.913,479.313,-15.042,0.012,2.729,806.3,0.5
142.413,471.793,-15.036,0.012,2.778,807.1,0.5
142.913,464.277,-15.03,0.014,2.827,807.8,0.5
143.413,456.763,-15.025,0.009,2.876,808.6,0.5
# Event RECOVERY_DEVICE_DEPLOYMENT occurred at t=143.414 seconds
143.913,449.252,-15.019,0.011,2.925,809.3,0.5
143.923,449.103,-14.519,49.517,2.973,810.1,0.01
143.926,449.065,-14.401,45.638,2.974,810.1,0.003
143.928,449.024,-14.272,44.735,2.975,810.1,0.003
143.931,448.982,-14.142,43.763,2.975,810.1,0.003
143.935,448.939,-14.011,42.794,2.975,810.1,0.003
143.938,448.895,-13.879,41.825,2.975,810.1,0.003
143.941,448.849,-13.745,40.857,2.976,810.1,0.003
143.944,448.803,-13.611,39.889,2.976,810.1,0.003
143.948,448.756,-13.475,38.923,2.976,810.2,0.003
143.951,448.708,-13.338,37.956,2.977,810.2,0.004
143.955,448.658,-13.2,36.99,2.977,810.2,0.004
143.959,448.607,-13.061,36.025,2.977,810.2,0.004
143.963,448.555,-12.92,35.064,2.978,810.2,0.004
143.967,448.502,-12.778,34.103,2.978,810.2,0.004
143.971,448.447,-12.635,33.144,2.978,810.2,0.004
143.976,448.39,-12.49,32.185,2.979,810.2,0.004
143.981,448.332,-12.344,31.228,2.979,810.2,0.005
143.986,448.272,-12.196,30.271,2.979,810.2,0.005
143.991,448.21,-12.046,29.316,2.98,810.2,0.005
143.996,448.147,-11.895,28.362,2.98,810.2,0.005
144.002,448.081,-11.742,27.409,2.981,810.2,0.006
144.007,448.012,-11.587,26.458,2.981,810.2,0.006
144.014,447.941,-11.43,25.507,2.981,810.2,0.006
144.02,447.868,-11.271,24.557,2.982,810.2,0.006
144.027,447.791,-11.11,23.607,2.982,810.2,0.007
144.034,447.712,-10.947,22.66,2.983,810.3,0.007
144.042,447.629,-10.782,21.715,2.983,810.3,0.008
144.05,447.543,-10.614,20.771,2.984,810.3,0.008
144.058,447.453,-10.445,19.829,2.984,810.3,0.009
144.067,447.359,-10.273,18.89,2.985,810.3,0.009
144.077,447.261,-10.099,17.956,2.986,810.3,0.01
144.087,447.157,-9.923,17.026,2.986,810.3,0.01
144.099,447.048,-9.744,16.098,2.987,810.3,0.011
144.11,446.932,-9.563,15.173,2.988,810.3,0.012
144.123,446.81,-9.378,14.252,2.988,810.3,0.013
144.137,446.679,-9.191,13.333,2.989,810.4,0.014
144.153,446.54,-9.001,12.421,2.99,810.4,0.015
144.17,446.391,-8.808,11.513,2.991,810.4,0.017
144.188,446.229,-8.611,10.607,2.992,810.4,0.019
144.209,446.054,-8.412,9.708,2.993,810.4,0.021
144.232,445.863,-8.209,8.816,2.994,810.4,0.023
144.257,445.657,-8.007,7.933,2.995,810.5,0.025
144.286,445.425,-7.799,7.074,2.997,810.5,0.029
144.32,445.163,-7.588,6.211,2.998,810.5,0.034
144.36,444.869,-7.377,5.355,3,810.5,0.039
144.407,444.525,-7.164,4.525,3.002,810.6,0.047
144.462,444.135,-6.958,3.716,3.004,810.6,0.055
144.534,443.644,-6.747,2.952,3.007,810.6,0.072
144.624,443.045,-6.548,2.203,3.01,810.7,0.09
144.747,442.249,-6.363,1.501,3.014,810.7,0.123
144.894,441.323,-6.237,0.861,3.019,810.8,0.147
145.223,439.299,-6.091,0.444,3.025,810.9,0.328
145.708,436.339,-6.102,-0.023,3.038,811.1,0.486
146.095,433.981,-6.081,0.056,3.057,811.4,0.387
146.495,431.544,-6.103,-0.056,3.073,811.7,0.4
146.995,428.495,-6.093,0.019,3.088,811.9,0.5
147.495,425.447,-6.098,-0.009,3.108,812.2,0.5
147.928,422.815,-6.072,0.06,3.128,812.5,0.433
148.428,419.77,-6.106,-0.068,3.145,812.8,0.5
148.928,416.723,-6.084,0.044,3.165,813.1,0.5
149.398,413.862,-6.083,0.002,3.185,813.4,0.47
149.74,411.783,-6.086,-0.008,3.203,813.7,0.342
150.24,408.744,-6.071,0.031,3.217,813.9,0.5
150.692,405.995,-6.099,-0.062,3.237,814.2,0.452
151.192,402.949,-6.084,0.03,3.255,814.5,0.5
151.692,399.906,-6.088,-0.009,3.274,814.8,0.5
152.192,396.863,-6.085,0.008,3.294,815.1,0.5
152.692,393.82,-6.088,-0.006,3.314,815.4,0.5
153.192,390.78,-6.072,0.031,3.334,815.7,0.5
153.692,387.739,-6.092,-0.04,3.353,816,0.5
154.192,384.696,-6.078,0.03,3.373,816.3,0.5
154.692,381.663,-6.056,0.044,3.393,816.6,0.5
155.053,379.471,-6.085,-0.08,3.413,817,0.361
155.553,376.43,-6.079,0.012,3.427,817.2,0.5
156.053,373.391,-6.08,-0.002,3.447,817.5,0.5
156.553,370.351,-6.079,0.002,3.466,817.8,0.5
157.053,367.314,-6.068,0.023,3.486,818.1,0.5
157.553,364.278,-6.077,-0.02,3.506,818.4,0.5
158.053,361.24,-6.073,0.008,3.526,818.7,0.5
158.394,359.173,-6.054,0.057,3.545,819,0.341
158.894,356.139,-6.082,-0.056,3.559,819.2,0.5
159.339,353.433,-6.062,0.046,3.579,819.5,0.446
159.839,350.398,-6.078,-0.033,3.596,819.8,0.5
160.339,347.362,-6.068,0.021,3.616,820.1,0.5
160.839,344.329,-6.063,0.009,3.636,820.4,0.5
161.339,341.294,-6.075,-0.023,3.655,820.7,0.5
161.839,338.261,-6.059,0.031,3.675,821,0.5
162.339,335.228,-6.072,-0.026,3.695,821.3,0.5
162.839,332.194,-6.064,0.016,3.715,821.7,0.5
163.339,329.161,-6.068,-0.008,3.734,822,0.5
163.839,326.128,-6.064,0.008,3.754,822.3,0.5
164.339,323.095,-6.065,-0,3.774,822.6,0.5
164.839,320.064,-6.062,0.004,3.793,822.9,0.5
165.324,317.125,-6.049,0.026,3.813,823.2,0.485
165.824,314.095,-6.07,-0.042,3.832,823.5,0.5
166.324,311.064,-6.054,0.033,3.852,823.8,0.5
166.824,308.038,-6.053,0.001,3.872,824.1,0.5
167.302,305.148,-6.06,-0.015,3.891,824.4,0.477
167.735,302.527,-6.046,0.032,3.91,824.7,0.433
168.229,299.532,-6.065,-0.037,3.927,825,0.495
168.729,296.502,-6.052,0.024,3.947,825.3,0.5
169.229,293.476,-6.054,-0.003,3.966,825.6,0.5
169.729,290.449,-6.053,0.002,3.986,825.9,0.5
170.229,287.423,-6.051,0.004,4.006,826.2,0.5
170.729,284.398,-6.052,-0.003,4.025,826.5,0.5
171.229,281.372,-6.053,-0.001,4.045,826.8,0.5
171.729,278.347,-6.047,0.011,4.065,827.1,0.5
172.229,275.322,-6.053,-0.011,4.084,827.4,0.5
172.729,272.298,-6.044,0.017,4.104,827.7,0.5
173.229,269.282,-6.018,0.052,4.124,828,0.5
173.429,268.078,-6.02,-0.007,4.143,828.3,0.2
173.834,265.637,-6.042,-0.055,4.151,828.4,0.405
174.334,262.615,-6.048,-0.012,4.167,828.7,0.5
174.834,259.592,-6.045,0.006,4.187,829,0.5
175.334,256.569,-6.046,-0.002,4.206,829.3,0.5
175.834,253.548,-6.041,0.009,4.226,829.6,0.5
176.334,250.526,-6.045,-0.008,4.245,829.9,0.5
176.834,247.507,-6.034,0.022,4.265,830.2,0.5
177.086,245.988,-6.014,0.078,4.285,830.5,0.252
177.31,244.641,-6.032,-0.082,4.295,830.7,0.224
177.81,241.622,-6.044,-0.023,4.303,830.8,0.5
178.31,238.602,-6.035,0.017,4.323,831.1,0.5
178.79,235.706,-6.028,0.015,4.343,831.4,0.48
179.261,232.865,-6.042,-0.03,4.361,831.7,0.471
179.761,229.847,-6.032,0.019,4.38,832,0.5
180.261,226.831,-6.03,0.005,4.399,832.3,0.5
180.761,223.814,-6.038,-0.016,4.419,832.6,0.5
181.261,220.797,-6.029,0.019,4.439,832.9,0.5
181.761,217.782,-6.031,-0.005,4.458,833.2,0.5
182.261,214.766,-6.032,-0.002,4.478,833.5,0.5
182.761,211.75,-6.032,0,4.498,833.8,0.5
183.261,208.735,-6.031,0.003,4.517,834.1,0.5
183.761,205.721,-6.026,0.008,4.537,834.5,0.5
184.261,202.706,-6.031,-0.009,4.556,834.8,0.5
184.761,199.697,-6.007,0.048,4.576,835.1,0.5
185.261,196.687,-6.03,-0.046,4.595,835.4,0.5
185.761,193.674,-6.023,0.014,4.615,835.7,0.5
186.261,190.661,-6.027,-0.008,4.635,836,0.5
186.761,187.65,-6.019,0.016,4.654,836.3,0.5
187.261,184.64,-6.021,-0.003,4.674,836.6,0.5
187.761,181.628,-6.024,-0.006,4.693,836.9,0.5
188.261,178.617,-6.021,0.006,4.713,837.2,0.5
188.761,175.607,-6.022,-0.002,4.732,837.5,0.5
189.261,172.597,-6.015,0.014,4.752,837.8,0.5
189.761,169.592,-6.008,0.013,4.772,838.1,0.5
190.255,166.617,-6.024,-0.031,4.791,838.4,0.495
190.755,163.607,-6.014,0.02,4.81,838.7,0.5
191.255,160.6,-6.015,-0.003,4.83,839,0.5
191.755,157.592,-6.016,-0.002,4.85,839.3,0.5
192.255,154.585,-6.013,0.006,4.869,839.6,0.5
192.755,151.579,-6.009,0.008,4.889,839.9,0.5
193.244,148.639,-6.009,-0,4.908,840.2,0.489
193.744,145.633,-6.015,-0.012,4.927,840.5,0.5
194.244,142.627,-6.009,0.012,4.947,840.8,0.5
194.744,139.622,-6.01,-0.003,4.966,841.1,0.5
195.244,136.619,-6.003,0.014,4.986,841.4,0.5
195.744,133.616,-6.009,-0.011,5.005,841.8,0.5
196.244,130.612,-6.005,0.008,5.025,842.1,0.5
196.744,127.609,-6.009,-0.008,5.045,842.4,0.5
197.244,124.61,-5.989,0.04,5.064,842.7,0.5
197.691,121.932,-6.011,-0.049,5.084,843,0.446
198.191,118.932,-5.988,0.047,5.101,843.2,0.5
198.691,115.932,-6.014,-0.053,5.12,843.5,0.5
199.191,112.929,-5.995,0.039,5.14,843.8,0.5
199.691,109.929,-6.007,-0.023,5.159,844.2,0.5
200.191,106.929,-5.993,0.026,5.179,844.5,0.5
200.691,103.933,-5.99,0.007,5.198,844.8,0.5
201.026,101.926,-5.992,-0.006,5.218,845.1,0.335
201.526,98.927,-6.002,-0.02,5.231,845.3,0.5
202.026,95.929,-5.993,0.019,5.25,845.6,0.5
202.526,92.932,-5.993,-0.001,5.27,845.9,0.5
203.026,89.934,-5.998,-0.008,5.289,846.2,0.5
203.526,86.936,-5.994,0.007,5.309,846.5,0.5
204.026,83.942,-5.985,0.018,5.328,846.8,0.5
204.526,80.946,-5.999,-0.027,5.348,847.2,0.5
205.026,77.949,-5.988,0.02,5.367,847.5,0.5
205.526,74.954,-5.991,-0.005,5.387,847.8,0.5
206.005,72.087,-5.979,0.025,5.406,848.1,0.479
206.505,69.095,-5.992,-0.025,5.425,848.4,0.5
207.005,66.1,-5.985,0.012,5.444,848.7,0.5
207.491,63.193,-5.977,0.017,5.464,849.1,0.486
207.981,60.259,-5.992,-0.03,5.483,849.4,0.49
208.481,57.266,-5.981,0.021,5.502,849.7,0.5
208.981,54.274,-5.983,-0.004,5.521,850,0.5
209.481,51.282,-5.985,-0.003,5.541,850.3,0.5
209.981,48.291,-5.979,0.013,5.56,850.6,0.5
210.26,46.627,-5.956,0.08,5.58,851,0.279
210.453,45.474,-5.973,-0.086,5.59,851.1,0.193
210.858,43.057,-5.979,-0.016,5.598,851.3,0.405
211.31,40.353,-5.979,0,5.614,851.5,0.452
211.81,37.364,-5.979,0.001,5.631,851.8,0.5
212.31,34.375,-5.979,0.001,5.651,852.1,0.5
212.81,31.385,-5.978,0.002,5.67,852.4,0.5
213.31,28.397,-5.975,0.005,5.689,852.8,0.5
213.81,25.409,-5.978,-0.005,5.709,853.1,0.5
214.31,22.423,-5.966,0.023,5.728,853.4,0.5
214.59,20.756,-5.954,0.045,5.748,853.7,0.28
214.846,19.227,-5.971,-0.067,5.759,853.9,0.256
215.332,16.327,-5.965,0.011,5.769,854,0.486
215.691,14.185,-5.966,-0,5.787,854.4,0.359
216.191,11.209,-5.937,0.057,5.801,854.6,0.5
216.462,9.595,-5.963,-0.096,5.821,854.9,0.271
216.745,7.911,-5.968,-0.019,5.831,855.1,0.282
217.245,4.927,-5.966,0.005,5.842,855.2,0.5
217.745,1.944,-5.969,-0.006,5.861,855.6,0.5
# Event GROUND_HIT occurred at t=218.071 seconds
# Event SIMULATION_END occurred at t=218.071 seconds
218.071,0,-5.96,0.025,5.881,855.9,0.326